Helpfulness Score [0-100],Mean Review Word Count
100.0,152.802593447
99.6946564885,152.0
99.6415770609,291.0
99.6062992126,363.0
99.6,82.0
99.5918367347,310.5
99.5633187773,268.0
99.5442708333,136.0
99.5238095238,791.0
99.4949494949,50.0
99.4897959184,103.0
99.4652406417,47.0
99.4594594595,223.0
99.4285714286,943.0
99.4152046784,252.0
99.4117647059,94.0
99.3975903614,793.25
99.3939393939,288.0
99.3902439024,247.666666667
99.3827160494,115.0
99.3710691824,205.0
99.3630573248,323.0
99.3548387097,235.666666667
99.3506493506,208.0
99.3421052632,227.0
99.3150684932,854.0
99.3079584775,615.5
99.3006993007,284.0
99.2957746479,667.0
99.2932862191,501.0
99.2907801418,540.5
99.2882562278,452.0
99.2857142857,536.666666667
99.2805755396,568.0
99.2753623188,848.666666667
99.2673992674,403.0
99.2647058824,352.5
99.2481203008,305.0
99.2424242424,368.0
99.2366412214,278.0
99.2307692308,388.0
99.2248062016,239.666666667
99.21875,418.142857143
99.2063492063,989.0
99.2,161.0
99.1935483871,330.75
99.1869918699,645.333333333
99.18200409,235.0
99.1803278689,437.333333333
99.173553719,121.0
99.1666666667,116.8
99.1596638655,410.0
99.1561181435,76.0
99.1525423729,551.6
99.1452991453,196.5
99.1404011461,567.0
99.1379310345,1946.0
99.1341991342,428.0
99.1304347826,386.692307692
99.1228070175,528.833333333
99.1150442478,153.0
99.1071428571,239.0
99.0990990991,107.5
99.0936555891,605.0
99.0909090909,139.0
99.0825688073,304.8
99.0740740741,199.75
99.0654205607,444.5
99.0566037736,516.166666667
99.0476190476,38.0
99.0384615385,358.2
99.0291262136,381.846153846
99.0222222222,202.0
99.0196078431,319.941176471
99.0099009901,585.4
99.0074441687,260.0
99.0049751244,260.0
99.0,218.5
98.9898989899,354.75
98.9821882952,165.0
98.9795918367,481.625
98.9690721649,343.933333333
98.9583333333,265.444444444
98.9528795812,462.0
98.9473684211,299.166666667
98.9417989418,398.0
98.9361702128,608.090909091
98.9333333333,803.0
98.9247311828,281.5
98.9189189189,194.0
98.916967509,91.0
98.9130434783,298.466666667
98.9100817439,437.0
98.9010989011,238.444444444
98.8950276243,196.0
98.8929889299,155.0
98.8888888889,393.058823529
98.8764044944,378.388888889
98.8721804511,146.0
98.8700564972,264.0
98.8636363636,477.647058824
98.8571428571,164.0
98.8505747126,342.230769231
98.8439306358,525.0
98.8372093023,281.291666667
98.8304093567,522.0
98.8269794721,559.0
98.8235294118,352.888888889
98.8165680473,369.0
98.8095238095,306.227272727
98.7951807229,414.071428571
98.7878787879,400.0
98.7804878049,517.285714286
98.773006135,948.0
98.7654320988,282.722222222
98.7577639752,625.0
98.75,377.461538462
98.7421383648,545.0
98.7341772152,269.076923077
98.7261146497,381.0
98.7234042553,478.0
98.7206823028,764.0
98.7179487179,289.72972973
98.7068965517,454.0
98.7012987013,327.774193548
98.6928104575,296.0
98.6842105263,258.2
98.6666666667,341.34
98.6577181208,359.0
98.6486486486,252.258064516
98.6425339367,240.333333333
98.642172524,28.0
98.6394557823,406.5
98.6301369863,353.346153846
98.623853211,399.0
98.6206896552,261.25
98.6111111111,334.481481481
98.6013986014,136.0
98.5981308411,543.0
98.5915492958,333.833333333
98.5815602837,397.666666667
98.5781990521,632.0
98.5714285714,351.880952381
98.5673352436,309.0
98.5645933014,211.5
98.5611510791,651.0
98.5590778098,279.0
98.5585585586,276.0
98.5576923077,379.0
98.5507246377,377.441176471
98.5401459854,264.5
98.5294117647,330.720930233
98.5215053763,498.0
98.5185185185,197.0
98.5148514851,679.0
98.5094850949,498.0
98.5074626866,382.222222222
98.4962406015,290.0
98.4848484848,445.305555556
98.4771573604,973.0
98.4732824427,151.0
98.4615384615,353.981818182
98.4536082474,973.0
98.4455958549,191.0
98.4435797665,512.0
98.4375,329.180555556
98.4251968504,610.3
98.4210526316,287.666666667
98.4126984127,363.603773585
98.4,230.75
98.3870967742,383.80952381
98.3739837398,716.875
98.3606557377,336.236363636
98.3516483516,262.0
98.347107438,225.5
98.3443708609,533.0
98.3425414365,277.666666667
98.3388704319,514.5
98.3379501385,792.0
98.3333333333,280.623188406
98.3240223464,470.0
98.3193277311,478.666666667
98.3050847458,362.655737705
98.2954545455,747.0
98.2905982906,265.5
98.2857142857,234.0
98.275862069,324.904109589
98.2658959538,167.0
98.2608695652,376.0
98.2558139535,451.0
98.2456140351,319.597826087
98.2352941176,179.5
98.2300884956,339.0
98.2269503546,327.0
98.2182628062,557.0
98.2142857143,324.306818182
98.1981981982,293.5
98.1912144703,251.0
98.1818181818,341.678571429
98.1684981685,2751.0
98.1651376147,256.666666667
98.1617647059,324.0
98.1595092025,230.0
98.1481481481,304.052173913
98.1382978723,35.0
98.1366459627,312.0
98.1308411215,308.727272727
98.1203007519,227.0
98.1132075472,325.260504202
98.1081081081,792.0
98.1042654028,299.333333333
98.1029810298,792.0
98.1012658228,146.0
98.0952380952,252.333333333
98.0916030534,615.0
98.0891719745,140.5
98.0861244019,223.0
98.0842911877,512.0
98.0769230769,347.645833333
98.0707395498,177.0
98.064516129,1409.0
98.0629539952,560.0
98.05907173,371.0
98.0582524272,210.333333333
98.0541455161,371.0
98.0501392758,212.0
98.0487804878,227.5
98.0456026059,1281.0
98.0392156863,310.871794872
98.0263157895,361.444444444
98.0198019802,595.2
98.0132450331,275.0
98.0072463768,288.0
98.0056980057,255.0
98.0,320.673469388
97.9865771812,314.0
97.9838709677,548.0
97.9797979798,396.733333333
97.972972973,550.375
97.9591836735,329.324840764
97.9487179487,259.0
97.9452054795,415.0
97.9381443299,368.142857143
97.9310344828,618.0
97.9274611399,185.0
97.9166666667,319.483221477
97.9020979021,322.0
97.8947368421,328.5
97.8902953586,244.0
97.8835978836,385.0
97.8723404255,304.01875
97.8661493695,414.0
97.8622327791,200.0
97.8571428571,426.0
97.8494623656,257.125
97.8417266187,459.25
97.8303747535,977.0
97.8260869565,335.989010989
97.8142076503,288.0
97.8070175439,259.0
97.8021978022,288.307692308
97.7900552486,224.0
97.7876106195,159.0
97.783933518,592.0
97.7777777778,294.856410256
97.7695167286,114.0
97.7611940299,215.0
97.7528089888,643.466666667
97.7491961415,538.0
97.7477477477,627.0
97.7419354839,448.0
97.7401129944,592.0
97.7346278317,120.0
97.7272727273,335.87745098
97.7225672878,534.0
97.7142857143,345.0
97.7099236641,350.6
97.7064220183,191.0
97.7011494253,261.5
97.6958525346,381.0
97.6923076923,237.6
97.6878612717,154.0
97.6870748299,298.0
97.6744186047,299.362445415
97.6666666667,320.0
97.6608187135,294.0
97.65625,222.6
97.6470588235,349.5
97.6377952756,712.0
97.6331360947,110.0
97.619047619,374.368644068
97.6,477.9
97.5903614458,317.80952381
97.5845410628,163.0
97.5806451613,153.0
97.5757575758,113.5
97.5609756098,316.239837398
97.5546975547,298.0
97.5409836066,299.090909091
97.5308641975,218.555555556
97.5247524752,184.0
97.520661157,322.166666667
97.5155279503,507.0
97.5,287.851485149
97.4921630094,89.0
97.4842767296,196.0
97.4789915966,416.2
97.4729241877,361.0
97.4683544304,270.19047619
97.461928934,585.0
97.4576271186,744.0
97.4358974359,317.849840256
97.4264705882,261.0
97.4226804124,437.0
97.4193548387,152.0
97.4137931034,346.0
97.4025974026,331.108108108
97.3913043478,344.0
97.385620915,340.0
97.3821989529,109.0
97.3799126638,469.0
97.3684210526,337.080604534
97.3509933775,670.0
97.3451327434,282.0
97.3384030418,432.5
97.3333333333,359.666666667
97.3273942094,187.0
97.3214285714,328.75
97.3154362416,1198.0
97.3076923077,589.0
97.2972972973,291.655647383
97.2826086957,558.0
97.2789115646,494.5
97.2727272727,607.142857143
97.2677595628,481.0
97.26443769,789.0
97.2627737226,481.0
97.2602739726,266.68627451
97.2527472527,359.0
97.247706422,369.125
97.2375690608,949.0
97.2222222222,302.0
97.213622291,205.0
97.2067039106,225.0
97.1962616822,334.0
97.191011236,761.0
97.1830985915,433.45
97.1751412429,287.0
97.1698113208,315.0
97.1631205674,368.0
97.1428571429,309.460176991
97.1223021583,376.25
97.1153846154,387.555555556
97.1098265896,113.0
97.1014492754,376.933333333
97.0930232558,165.285714286
97.0873786408,397.090909091
97.0802919708,335.0
97.0760233918,625.0
97.0588235294,301.02058319
97.037037037,489.0
97.0297029703,332.571428571
97.0149253731,433.714285714
97.0085470085,171.0
97.005988024,163.0
97.0,289.909090909
96.9957081545,380.0
96.992481203,188.666666667
96.9879518072,163.0
96.9696969697,303.686502177
96.9656992084,248.0
96.9616908851,248.0
96.9613259669,546.0
96.9581749049,284.333333333
96.9529085873,546.0
96.9521044993,270.0
96.9512195122,265.0
96.9465648855,258.0
96.9387755102,448.470588235
96.9325153374,265.0
96.9230769231,264.6875
96.9135802469,322.0
96.9111969112,102.0
96.9072164948,515.583333333
96.9026548673,466.0
96.8992248062,776.666666667
96.8944099379,360.0
96.8871595331,102.0
96.8852459016,1592.0
96.875,288.513219285
96.8586387435,197.0
96.8553459119,789.0
96.8503937008,367.5
96.8421052632,350.857142857
96.835443038,233.0
96.8337730871,423.0
96.8253968254,381.952380952
96.812749004,111.0
96.8085106383,638.888888889
96.8,334.666666667
96.7948717949,114.0
96.7857142857,143.0
96.7741935484,301.106082037
96.7567567568,721.0
96.7479674797,492.142857143
96.7391304348,531.285714286
96.7320261438,286.75
96.7289719626,922.0
96.7213114754,319.123287671
96.719160105,2383.0
96.7123287671,546.0
96.7032967033,299.473684211
96.694214876,250.0
96.6903073286,185.0
96.6887417219,382.0
96.6850828729,464.0
96.683046683,453.0
96.682464455,185.0
96.6789667897,486.0
96.6666666667,292.609120521
96.6507177033,496.0
96.6480446927,828.0
96.6417910448,486.0
96.6386554622,373.0
96.6292134831,465.961538462
96.6216216216,176.0
96.6183574879,506.0
96.6101694915,330.491525424
96.5909090909,379.833333333
96.5811965812,542.722222222
96.5789473684,971.0
96.5517241379,301.826038159
96.5217391304,181.5
96.511627907,340.769230769
96.5034965035,472.0
96.4912280702,326.320754717
96.4705882353,400.076923077
96.4601769912,522.666666667
96.4467005076,682.0
96.4285714286,279.037545788
96.4125560538,61.0
96.4071856287,249.0
96.3963963964,280.0
96.3855421687,375.571428571
96.3768115942,275.0
96.3636363636,428.355263158
96.3503649635,389.0
96.3414634146,426.666666667
96.335078534,492.0
96.3302752294,317.307692308
96.3190184049,545.0
96.2962962963,293.727272727
96.2732919255,175.0
96.261682243,365.6
96.256684492,161.0
96.25,400.0
96.2406015038,275.0
96.2264150943,369.625
96.2162162162,529.0
96.2121212121,166.428571429
96.2025316456,375.517241379
96.1904761905,349.333333333
96.1832061069,417.666666667
96.178343949,321.0
96.174863388,381.0
96.1722488038,411.0
96.1538461538,297.996268657
96.1352657005,837.0
96.1290322581,534.0
96.1240310078,572.0
96.1187214612,606.0
96.1165048544,344.5625
96.1130742049,637.0
96.1111111111,647.0
96.1038961039,334.416666667
96.0784313725,327.613445378
96.0655737705,241.0
96.062992126,197.0
96.0539979232,619.0
96.0526315789,417.423076923
96.04578564,619.0
96.0396039604,412.444444444
96.0317460317,521.9
96.0264900662,638.0
96.0,310.249097473
95.9957850369,619.0
95.983935743,228.0
95.9731543624,208.75
95.9677419355,528.076923077
95.9595959596,563.636363636
95.9459459459,289.75
95.9349593496,707.0
95.9302325581,477.0
95.9183673469,312.62745098
95.9090909091,1534.0
95.9064327485,477.0
95.9016393443,372.8
95.8904109589,324.655172414
95.8762886598,311.764705882
95.867768595,452.666666667
95.8620689655,384.333333333
95.8598726115,1159.0
95.8333333333,272.686850153
95.8139534884,723.545454545
95.8083832335,357.0
95.8041958042,708.0
95.7983193277,551.428571429
95.7943925234,837.0
95.7894736842,424.444444444
95.7746478873,307.903846154
95.7671957672,352.0
95.7627118644,410.0
95.7547169811,771.0
95.7528957529,339.0
95.7446808511,324.077922078
95.7345971564,771.0
95.7317073171,177.0
95.7264957265,364.2
95.7142857143,421.25
95.7095709571,659.0
95.7055214724,258.0
95.6989247312,402.2
95.6937799043,771.0
95.6923076923,549.0
95.6896551724,426.0
95.6834532374,301.25
95.6790123457,322.333333333
95.6730769231,879.5
95.652173913,268.865162644
95.6416464891,513.0
95.6204379562,384.0
95.6140350877,378.5
95.6097560976,439.0
95.6043956044,830.535714286
95.5974842767,641.25
95.5882352941,372.766666667
95.5752212389,680.0
95.5621301775,458.0
95.5555555556,361.830188679
95.5465587045,561.5
95.5445544554,217.0
95.5414012739,497.4
95.5357142857,342.0
95.5284552846,842.0
95.5223880597,402.967213115
95.5128205128,207.0
95.5056179775,415.866666667
95.4954954955,367.0
95.4887218045,64.0
95.4838709677,207.0
95.4802259887,834.0
95.4545454545,265.629085741
95.4248366013,418.5
95.4198473282,452.875
95.4154727794,410.0
95.4128440367,172.4
95.4022988506,251.571428571
95.3947368421,513.166666667
95.3846153846,346.613636364
95.3757225434,1007.0
95.3703703704,699.0
95.3667953668,74.0
95.3642384106,864.857142857
95.3608247423,347.0
95.3488372093,323.038834951
95.3367875648,231.0
95.3333333333,759.0
95.3296703297,1104.0
95.3271028037,221.0
95.3125,314.5
95.3020134228,236.0
95.2941176471,329.05
95.2830188679,347.4
95.2755905512,825.0
95.2702702703,468.0
95.2662721893,331.666666667
95.2631578947,537.0
95.2606635071,245.0
95.2586206897,347.0
95.2380952381,261.738554217
95.2153110048,315.0
95.2095808383,726.0
95.2054794521,271.75
95.197740113,549.0
95.1923076923,251.166666667
95.1841359773,549.0
95.1807228916,305.777777778
95.1724137931,273.0
95.1672862454,496.0
95.166163142,290.0
95.1612903226,343.410714286
95.1515151515,661.0
95.1492537313,58.0
95.145631068,299.0
95.1367781155,290.0
95.1219512195,326.837606838
95.0980392157,563.111111111
95.0920245399,507.0
95.0819672131,355.277777778
95.0704225352,790.0
95.0617283951,340.325
95.0495049505,280.0
95.045045045,227.0
95.041322314,417.833333333
95.0381679389,429.0
95.0354609929,570.5
95.0276243094,356.0
95.0226244344,227.0
95.0,257.044716794
94.9685534591,568.0
94.964028777,265.0
94.9579831933,183.0
94.9541284404,109.0
94.9494949495,286.363636364
94.9404761905,297.0
94.9367088608,374.583333333
94.9152542373,373.859375
94.8979591837,365.0
94.8905109489,449.0
94.8863636364,786.0
94.8795180723,665.0
94.8717948718,302.494773519
94.8640483384,665.0
94.8571428571,692.0
94.8529411765,321.75
94.8497854077,1104.0
94.8453608247,369.166666667
94.8275862069,431.555555556
94.8220064725,176.0
94.8148148148,263.0
94.8113207547,545.0
94.8051948052,377.111111111
94.7976878613,389.0
94.7916666667,427.0
94.7826086957,292.666666667
94.776119403,815.0
94.7735191638,477.0
94.7643979058,550.0
94.7619047619,693.0
94.7521865889,348.0
94.7478991597,231.0
94.7368421053,255.851687389
94.7183098592,477.0
94.7058823529,364.571428571
94.701986755,522.0
94.6902654867,404.181818182
94.6808510638,464.095238095
94.6666666667,351.941176471
94.6564885496,380.333333333
94.6540880503,327.0
94.6428571429,342.411764706
94.6341463415,396.5
94.623655914,511.846153846
94.5945945946,322.895043732
94.5652173913,617.0
94.5578231293,538.714285714
94.5454545455,321.147727273
94.5355191257,720.0
94.53125,702.5
94.5288753799,456.0
94.5205479452,404.411764706
94.512195122,456.0
94.5054945055,360.625
94.5,216.0
94.4990176817,93.0
94.4785276074,181.0
94.476744186,274.0
94.4751381215,566.0
94.472361809,318.0
94.4700460829,149.0
94.4664031621,198.0
94.4444444444,257.441998964
94.4055944056,722.0
94.4,259.0
94.3925233645,404.555555556
94.3820224719,351.0
94.3786982249,676.0
94.375,229.0
94.3661971831,403.851851852
94.3548387097,250.8
94.3502824859,740.0
94.3396226415,301.271604938
94.3342776204,740.0
94.3298969072,877.0
94.3262411348,233.0
94.3181818182,712.0
94.3089430894,367.333333333
94.3037974684,302.25
94.301994302,740.0
94.2857142857,333.563636364
94.2528735632,365.222222222
94.2446043165,403.0
94.2408376963,526.0
94.2307692308,410.534883721
94.2148760331,548.666666667
94.2084942085,87.5
94.2028985507,332.954545455
94.1935483871,458.0
94.1860465116,380.272727273
94.1747572816,381.818181818
94.1717791411,215.0
94.1666666667,819.0
94.1634241245,396.0
94.1451990632,196.0
94.1176470588,250.940454951
94.0740740741,496.0
94.0677966102,389.2
94.0594059406,430.2
94.0476190476,417.0
94.0397350993,496.5
94.0298507463,356.222222222
94.0170940171,421.777777778
94.0063091483,557.0
94.0,256.276923077
93.9890710383,329.0
93.984962406,290.777777778
93.9759036145,526.9
93.9698492462,713.0
93.9655172414,405.333333333
93.9609236234,392.0
93.9597315436,59.0
93.9393939394,308.943127962
93.9189189189,475.0
93.9130434783,893.25
93.9086294416,713.0
93.9058171745,457.0
93.9024390244,443.692307692
93.896713615,129.0
93.893129771,103.0
93.8775510204,352.443478261
93.8650306748,273.0
93.8596491228,1739.0
93.8461538462,398.225806452
93.8271604938,554.933333333
93.8223938224,190.0
93.8144329897,282.333333333
93.8095238095,79.0
93.8053097345,638.375
93.7984496124,200.375
93.7931034483,719.0
93.7823834197,451.0
93.7743190661,106.0
93.75,243.480717002
93.7106918239,473.666666667
93.7007874016,507.75
93.6936936937,1676.0
93.6842105263,333.125
93.6708860759,400.2
93.661971831,417.0
93.6585365854,472.0
93.6555891239,416.0
93.6507936508,366.0
93.6363636364,72.0
93.6329588015,496.0
93.6305732484,202.0
93.6170212766,357.034013605
93.6,557.0
93.5897435897,457.911764706
93.5779816514,218.0
93.5714285714,420.0
93.5483870968,333.426035503
93.5251798561,175.0
93.5185185185,305.2
93.5064935065,403.538461538
93.5018050542,280.0
93.4959349593,382.0
93.4782608696,391.411042945
93.4640522876,248.0
93.4579439252,375.333333333
93.4472934473,933.0
93.4426229508,482.362068966
93.4306569343,361.0
93.4285714286,933.0
93.4272300469,593.0
93.4210526316,345.821428571
93.4097421203,933.0
93.4065934066,367.25
93.3962264151,790.333333333
93.3884297521,255.666666667
93.3701657459,37.0
93.36492891,810.0
93.3579335793,280.0
93.3544303797,279.0
93.3333333333,242.482648329
93.2835820896,372.0
93.2773109244,979.0
93.2692307692,297.9
93.265993266,309.0
93.2584269663,236.647058824
93.2489451477,285.0
93.2432432432,488.052631579
93.2330827068,324.666666667
93.2291666667,304.0
93.2203389831,392.875
93.2098765432,898.0
93.2038834951,368.0
93.1972789116,831.0
93.1818181818,337.292397661
93.1623931624,601.0
93.1558935361,1039.0
93.1506849315,403.151515152
93.137254902,639.833333333
93.1330472103,211.0
93.1297709924,430.8
93.1034482759,292.453834116
93.0894308943,984.0
93.0864197531,363.0
93.0817610063,122.0
93.0769230769,125.0
93.0693069307,394.6
93.0555555556,445.416666667
93.0481283422,234.5
93.0379746835,712.0
93.023255814,317.869230769
93.0158730159,712.0
93.0107526882,246.0
93.0,515.416666667
92.9824561404,683.5
92.96875,153.0
92.9663608563,442.0
92.9648241206,448.0
92.9577464789,352.625
92.9487179487,712.0
92.9411764706,296.277777778
92.9292929293,245.0
92.9203539823,488.555555556
92.9166666667,310.0
92.9133858268,226.0
92.9032258065,187.0
92.899408284,267.0
92.8934010152,539.0
92.8870292887,310.0
92.8571428571,237.386644787
92.8143712575,450.0
92.8104575163,335.8
92.8,824.0
92.7927927928,363.5
92.7835051546,585.5
92.7710843373,461.75
92.7659574468,98.0
92.7536231884,308.305555556
92.7437641723,299.0
92.7419354839,847.0
92.7272727273,395.723684211
92.7083333333,413.5
92.700729927,642.0
92.6910299003,154.0
92.6900584795,201.0
92.6829268293,299.823834197
92.6782273603,528.0
92.6666666667,221.0
92.6605504587,436.0
92.6553672316,289.0
92.6470588235,302.466666667
92.6406926407,219.0
92.6315789474,328.3
92.6243567753,339.0
92.6108374384,192.0
92.6070038911,568.0
92.606284658,803.0
92.5925925926,279.70904325
92.5619834711,97.6666666667
92.5531914894,343.277777778
92.5465838509,560.0
92.5373134328,480.259259259
92.5324675325,252.0
92.531120332,241.0
92.5287356322,313.0
92.523364486,500.5
92.5207756233,555.0
92.5170068027,163.0
92.5149700599,659.0
92.5,320.661691542
92.4882629108,295.0
92.4812030075,642.0
92.4770642202,803.0
92.4764890282,659.0
92.4731182796,365.0
92.4686192469,168.0
92.4564796905,568.0
92.4528301887,429.061728395
92.4369747899,454.0
92.4242424242,380.208333333
92.4050632911,622.777777778
92.3913043478,459.0
92.380952381,538.916666667
92.3611111111,263.0
92.3469387755,930.5
92.3404255319,1311.0
92.3076923077,230.765347885
92.2807017544,240.0
92.2794117647,189.0
92.270531401,419.0
92.2680412371,329.0
92.2535211268,239.0
92.2330097087,626.0
92.2305764411,747.0
92.2077922078,449.0
92.2018348624,351.0
92.1985815603,239.5
92.1875,420.4375
92.1787709497,252.0
92.1739130435,243.0
92.1686746988,455.0
92.1568627451,409.785714286
92.1348314607,325.9
92.125984252,528.0
92.1212121212,455.0
92.1052631579,328.703846154
92.0792079208,491.428571429
92.0754716981,261.0
92.0634920635,399.444444444
92.0529801325,964.0
92.050209205,305.0
92.0454545455,820.625
92.0353982301,406.857142857
92.0303605313,588.0
92.0289855072,368.0
92.0,290.663991976
91.9871794872,287.0
91.975308642,233.0
91.9540229885,184.444444444
91.935483871,268.523809524
91.9254658385,339.0
91.9191919192,551.25
91.9117647059,230.0
91.9075144509,375.0
91.8918918919,387.178988327
91.8719211823,640.0
91.8699186992,126.0
91.8681318681,630.0
91.8604651163,196.166666667
91.8367346939,321.0
91.8181818182,555.0
91.8032786885,390.487179487
91.788856305,289.0
91.7808219178,301.2
91.7721518987,233.0
91.7647058824,217.7
91.7525773196,672.666666667
91.7475728155,266.0
91.7431192661,435.8
91.7355371901,232.666666667
91.7293233083,240.0
91.724137931,462.428571429
91.7197452229,358.5
91.7089678511,511.0
91.7012448133,256.0
91.6666666667,231.589367475
91.6334661355,647.0
91.6299559471,569.0
91.6247906198,511.0
91.6230366492,424.0
91.6083916084,105.0
91.5966386555,392.0
91.5887850467,310.333333333
91.5789473684,275.777777778
91.5708812261,649.0
91.5662650602,262.777777778
91.5492957746,404.84375
91.5384615385,273.333333333
91.5254237288,405.239130435
91.5094339623,524.666666667
91.4893617021,292.427536232
91.4634146341,611.0
91.452991453,383.142857143
91.4473684211,631.0
91.4285714286,302.19133574
91.40625,256.25
91.4027149321,409.0
91.4012738854,202.0
91.3978494624,340.666666667
91.3793103448,347.916666667
91.3725490196,231.0
91.3669064748,135.0
91.3580246914,671.666666667
91.3513513514,196.0
91.3385826772,226.0
91.3043478261,269.879374535
91.2751677852,357.0
91.2698412698,244.0
91.2621359223,188.0
91.25,222.470588235
91.2371134021,496.0
91.2280701754,315.0
91.2162162162,357.0
91.2087912088,328.666666667
91.1949685535,147.0
91.1764705882,284.800623053
91.1602209945,461.0
91.156462585,119.0
91.1504424779,321.0
91.1458333333,653.0
91.1392405063,438.090909091
91.1330049261,310.666666667
91.1290322581,358.666666667
91.1111111111,386.842592593
91.095890411,451.0
91.0891089109,283.0
91.0852713178,1008.0
91.0828025478,448.0
91.0798122066,237.0
91.0714285714,302.644067797
91.061452514,801.75
91.0569105691,365.0
91.0447761194,364.775
91.0344827586,229.5
91.0256410256,591.705882353
91.0179640719,385.0
91.0112359551,441.571428571
91.0,257.5
90.9952606635,81.0
90.9836065574,547.0
90.9722222222,329.5
90.9547738693,553.0
90.9523809524,366.0
90.9482758621,580.0
90.9090909091,218.018225256
90.861618799,656.0
90.8333333333,260.0
90.8256880734,738.428571429
90.8163265306,437.846153846
90.8127208481,378.0
90.8073541167,236.0
90.8045977011,525.777777778
90.7894736842,431.869565217
90.780141844,292.5
90.7692307692,338.64516129
90.7630522088,593.0
90.756302521,790.333333333
90.7473309609,365.0
90.7418761496,566.0
90.7407407407,388.862745098
90.7258064516,593.0
90.7216494845,187.0
90.7103825137,587.0
90.6976744186,367.84375
90.6914893617,172.0
90.6882591093,593.0
90.6779661017,81.0
90.6735751295,318.0
90.6666666667,512.7
90.6614785992,199.0
90.6574394464,757.0
90.6542056075,565.0
90.6444906445,253.0
90.6432748538,100.0
90.625,333.338108883
90.6040268456,600.0
90.5982905983,188.0
90.5940594059,426.0
90.5882352941,324.0
90.5759162304,318.0
90.5660377358,329.972222222
90.5405405405,306.333333333
90.5263157895,1040.0
90.5213270142,469.0
90.5027932961,421.0
90.4761904762,269.282779456
90.46692607,391.0
90.4522613065,873.0
90.4494382022,421.0
90.4347826087,146.0
90.4306220096,69.0
90.4296875,391.0
90.4255319149,323.076923077
90.4109589041,590.0
90.404040404,998.0
90.4,404.0
90.3846153846,281.14893617
90.3703703704,299.333333333
90.3614457831,372.05
90.350877193,568.454545455
90.3225806452,298.673629243
90.2985074627,309.0
90.2777777778,352.5
90.2654867257,260.75
90.243902439,269.339130435
90.2255639098,156.0
90.2173913043,341.3
90.2040816327,103.0
90.1960784314,313.534482759
90.1785714286,584.333333333
90.1734104046,702.0
90.1639344262,306.636363636
90.1408450704,173.333333333
90.1234567901,362.733333333
90.1162790698,271.0
90.1098901099,516.666666667
90.0826446281,547.0
90.0709219858,251.0
90.0596421471,388.0
90.0584795322,333.0
90.0,219.641708294
89.9441340782,848.0
89.9371069182,1118.0
89.928057554,515.0
89.9224806202,296.0
89.9173553719,780.0
89.898989899,424.714285714
89.8876404494,433.863636364
89.8819561551,780.0
89.880952381,428.0
89.8734177215,614.545454545
89.8617511521,272.0
89.8550724638,299.105263158
89.84375,1101.63636364
89.8351648352,991.0
89.8305084746,392.444444444
89.8148148148,665.5
89.8089171975,700.5
89.7959183673,289.375
89.7838899804,428.0
89.7810218978,287.0
89.7637795276,698.666666667
89.7435897436,371.77443609
89.7368421053,1024.0
89.7297297297,953.0
89.7058823529,445.777777778
89.696969697,509.0
89.6907216495,446.625
89.6551724138,319.793258427
89.6321070234,877.0
89.6296296296,266.0
89.6226415094,841.5
89.6103896104,292.5
89.5833333333,342.274509804
89.5652173913,556.4
89.552238806,316.307692308
89.5348837209,472.0
89.4859813084,1467.0
89.4736842105,267.511678201
89.4495412844,849.0
89.4366197183,400.0
89.4324853229,428.0
89.4230769231,216.0
89.4117647059,316.833333333
89.3939393939,451.333333333
89.3854748603,201.0
89.3815635939,1467.0
89.3805309735,191.0
89.375,815.0
89.3617021277,315.387096774
89.3442622951,444.0
89.3333333333,410.333333333
89.3203883495,267.333333333
89.3103448276,248.0
89.2857142857,274.919087137
89.2733564014,248.0
89.2561983471,318.0
89.247311828,387.25
89.2405063291,851.0
89.2307692308,301.8
89.2215568862,184.0
89.2156862745,573.0
89.1891891892,293.341317365
89.1719745223,359.0
89.156626506,609.684210526
89.1304347826,394.877777778
89.1156462585,210.0
89.1089108911,267.125
89.1025641026,248.0
89.0909090909,443.410714286
89.0756302521,692.0
89.0625,262.696969697
89.0410958904,303.636363636
89.0243902439,407.666666667
89.0173410405,45.0
89.010989011,189.333333333
89.0063424947,223.0
89.0,448.333333333
88.996763754,239.0
88.9830508475,25.0
88.9763779528,452.0
88.961038961,40.0
88.9570552147,326.0
88.9502762431,285.0
88.8888888889,213.859028095
88.8198757764,1118.0
88.8059701493,963.0
88.8,264.4
88.7931034483,518.0
88.785046729,507.533333333
88.7755102041,688.909090909
88.7700534759,732.0
88.7640449438,606.0
88.7608069164,503.0
88.75,398.875
88.7417218543,333.0
88.7323943662,453.0
88.7262079063,376.0
88.7179487179,421.0
88.7096774194,473.4
88.6956521739,458.0
88.6861313869,984.0
88.679245283,260.516129032
88.6649874055,233.0
88.6627906977,503.0
88.6597938144,247.272727273
88.6363636364,456.640449438
88.6255924171,875.0
88.6075949367,303.928571429
88.6010362694,421.0
88.5964912281,291.666666667
88.5714285714,337.896039604
88.5416666667,317.375
88.5245901639,307.666666667
88.5209713024,287.0
88.5057471264,478.0
88.4955752212,364.5
88.4920634921,401.0
88.4615384615,271.629160063
88.4444444444,384.0
88.4353741497,970.0
88.4297520661,164.0
88.4210526316,122.4
88.4146341463,783.0
88.4057971014,374.666666667
88.3928571429,494.0
88.3852691218,851.0
88.3720930233,327.76635514
88.3333333333,516.3
88.3116883117,164.5
88.2978723404,295.333333333
88.2681564246,455.0
88.2352941176,246.223019237
88.2191780822,443.0
88.1720430108,373.25
88.1679389313,176.0
88.1656804734,493.0
88.1578947368,299.590909091
88.1355932203,460.055555556
88.1147540984,195.0
88.0952380952,423.666666667
88.0597014925,385.5
88.0434782609,637.0
88.0341880342,258.0
88.0281690141,1149.0
88.0,281.886039886
87.9901960784,239.0
87.962962963,500.5
87.9518072289,365.764705882
87.9310344828,405.666666667
87.922705314,239.0
87.9120879121,421.5
87.9032258065,191.0
87.8787878788,303.926267281
87.8571428571,133.5
87.8504672897,562.0
87.8378378378,407.933333333
87.8260869565,174.272727273
87.8151260504,518.0
87.8048780488,308.939759036
87.7906976744,220.0
87.786259542,606.0
87.7551020408,265.985507246
87.7358490566,227.5
87.7192982456,318.416666667
87.6923076923,258.428571429
87.6811594203,414.0
87.6712328767,288.818181818
87.6543209877,431.8
87.6404494382,791.0
87.6288659794,469.8
87.619047619,278.0
87.6068376068,518.0
87.6033057851,102.0
87.5536480687,889.0
87.5502008032,822.0
87.5,204.723711085
87.4524714829,606.0
87.4396135266,555.0
87.4345549738,618.0
87.4213836478,203.0
87.4125874126,998.0
87.4115983027,246.0
87.4015748031,263.0
87.3873873874,162.0
87.3786407767,128.0
87.3684210526,510.5
87.3563218391,246.444444444
87.3417721519,258.666666667
87.323943662,446.4
87.3134328358,379.0
87.311827957,707.0
87.3015873016,310.166666667
87.2881355932,391.5
87.2727272727,348.666666667
87.2549019608,248.0
87.2340425532,289.731343284
87.2093023256,186.0
87.2068230277,707.0
87.1794871795,337.692913386
87.1681415929,347.0
87.1559633028,254.0
87.1428571429,740.0
87.1287128713,723.833333333
87.1244635193,1127.0
87.0967741935,280.877256318
87.0662460568,435.0
87.0588235294,368.714285714
87.037037037,369.538461538
87.0229007634,584.142857143
87.012987013,435.666666667
86.9822485207,612.0
86.9565217391,261.942328618
86.9318181818,703.0
86.9230769231,242.0
86.9047619048,199.833333333
86.8965517241,216.0
86.8852459016,310.476190476
86.8686868687,435.25
86.8421052632,328.169230769
86.8303571429,405.0
86.8131868132,362.5
86.8055555556,998.0
86.7924528302,304.529411765
86.7768595041,416.0
86.7724867725,446.0
86.7647058824,427.272727273
86.7469879518,406.666666667
86.7256637168,198.0
86.71875,287.0
86.7132867133,601.2
86.6666666667,230.729233821
86.6310160428,345.0
86.6242038217,482.0
86.6197183099,571.0
86.6071428571,229.0
86.5979381443,439.0
86.5853658537,366.0
86.5771812081,306.0
86.5671641791,121.0
86.5546218487,166.0
86.5470852018,306.0
86.5384615385,303.769230769
86.5168539326,545.0
86.5030674847,276.0
86.4864864865,361.808
86.4406779661,276.333333333
86.4197530864,485.333333333
86.4,173.0
86.3636363636,282.398601399
86.3354037267,771.5
86.3247863248,268.0
86.3157894737,327.0
86.3095238095,169.0
86.301369863,179.333333333
86.2903225806,478.0
86.2745098039,246.725
86.2595419847,482.0
86.25,277.076923077
86.2385321101,173.0
86.231884058,858.0
86.2068965517,305.391156463
86.1788617886,34.0
86.1538461538,408.0
86.1386138614,417.0
86.1111111111,354.742647059
86.0927152318,719.0
86.0869565217,211.0
86.0759493671,518.166666667
86.0655737705,1306.0
86.0606060606,253.0
86.0465116279,311.065789474
86.0377358491,495.0
86.0335195531,251.0
86.0294117647,100.0
86.0,238.117647059
85.9943977591,251.0
85.9649122807,242.95
85.9574468085,154.0
85.9504132231,159.25
85.9375,532.0
85.9154929577,168.166666667
85.8974358974,431.0
85.8695652174,82.0
85.8585858586,303.2
85.8267716535,739.0
85.8024691358,485.0
85.798816568,304.0
85.7682619647,451.0
85.7677902622,980.0
85.7142857143,196.284861445
85.6573705179,256.0
85.6435643564,59.0
85.6209150327,450.0
85.6151419558,377.0
85.6147021546,377.0
85.6060606061,377.0
85.6,539.0
85.593220339,189.0
85.5855855856,479.0
85.5769230769,524.0
85.5555555556,159.333333333
85.5263157895,229.642857143
85.5072463768,305.0
85.4838709677,465.0
85.4545454545,259.222222222
85.4166666667,353.836538462
85.393258427,909.25
85.3801169591,112.0
85.3773584906,436.0
85.3658536585,361.630136986
85.3503184713,658.0
85.3448275862,435.428571429
85.3333333333,223.25
85.2941176471,313.651315789
85.2861035422,582.0
85.2631578947,96.0
85.2459016393,396.451612903
85.2272727273,175.8
85.1851851852,293.628915663
85.1485148515,222.0
85.1351351351,417.55
85.1282051282,153.0
85.1239669421,293.0
85.1224105461,423.5
85.119047619,986.0
85.1063829787,331.533333333
85.0980392157,594.0
85.0877192982,390.0
85.0746268657,279.666666667
85.0574712644,232.0
85.0299401198,986.0
85.0,263.176194205
84.9693251534,237.0
84.9557522124,164.5
84.9462365591,320.0
84.9372384937,232.0
84.9315068493,220.0
84.9056603774,202.714285714
84.8837209302,118.0
84.8771266541,271.0
84.8739495798,601.0
84.8484848485,324.787356322
84.8214285714,981.0
84.8101265823,791.0
84.7826086957,480.553571429
84.7715736041,175.0
84.7457627119,284.947368421
84.7328244275,819.0
84.7222222222,597.0
84.7161572052,938.0
84.7058823529,441.428571429
84.693877551,329.666666667
84.6590909091,328.0
84.6153846154,231.729574223
84.5454545455,328.0
84.5360824742,386.333333333
84.5238095238,300.25
84.5188284519,557.0
84.5070422535,177.8
84.4827586207,510.590909091
84.4594594595,347.0
84.4585987261,397.0
84.4444444444,312.069444444
84.4262295082,275.0
84.4036697248,149.0
84.375,268.587301587
84.347826087,232.0
84.3373493976,199.0
84.3137254902,275.0
84.2857142857,343.866666667
84.2592592593,770.0
84.2553191489,472.0
84.2465753425,564.0
84.236453202,199.0
84.2105263158,242.914487633
84.126984127,241.259259259
84.1121495327,182.0
84.1059602649,365.0
84.0909090909,315.961038961
84.0579710145,340.0
84.0425531915,189.0
84.0336134454,448.0
84.0,258.532945736
83.9694656489,406.0
83.950617284,399.142857143
83.9285714286,307.135135135
83.908045977,330.272727273
83.8983050847,497.0
83.8709677419,278.48447205
83.8383838384,274.0
83.8323353293,288.0
83.8235294118,279.444444444
83.8129496403,235.0
83.8095238095,210.0
83.7837837838,323.904761905
83.7606837607,670.0
83.7545126354,235.0
83.7398373984,275.0
83.7209302326,225.769230769
83.6956521739,405.0
83.6734693878,249.227272727
83.6538461538,344.0
83.6363636364,305.086956522
83.606557377,466.538461538
83.5820895522,429.333333333
83.5714285714,558.0
83.5616438356,460.4
83.5443037975,324.8
83.5294117647,181.333333333
83.5164835165,31.0
83.5,183.0
83.4951456311,228.0
83.4890965732,242.0
83.4862385321,457.5
83.4710743802,586.0
83.4285714286,674.0
83.4101382488,243.0
83.3333333333,188.390020919
83.2797427653,272.0
83.2512315271,326.0
83.2432432432,1098.0
83.1775700935,284.0
83.1683168317,326.0
83.1578947368,270.0
83.152173913,1098.0
83.1501831502,262.0
83.1460674157,308.0
83.0985915493,546.095238095
83.0917874396,144.0
83.0882352941,233.0
83.0769230769,206.5
83.0508474576,453.7
83.0357142857,242.0
83.0188679245,260.958333333
83.0,322.75
82.9787234043,328.3
82.962962963,20.0
82.9268292683,295.454545455
82.9113924051,252.0
82.905982906,280.0
82.8947368421,173.4
82.8571428571,336.0
82.8125,481.857142857
82.800982801,751.0
82.7956989247,485.0
82.7586206897,273.59375
82.7272727273,63.0
82.6923076923,508.52
82.6666666667,468.666666667
82.6446280992,430.0
82.6347305389,360.0
82.6086956522,264.467687075
82.5396825397,184.875
82.5136612022,363.0
82.5082508251,109.0
82.5,222.85106383
82.4884792627,499.0
82.4742268041,280.0
82.4561403509,267.764705882
82.4427480916,370.0
82.4324324324,459.333333333
82.4242424242,426.0
82.4175824176,245.5
82.4074074074,190.0
82.3529411765,233.53902439
82.2784810127,280.0
82.2580645161,983.857142857
82.2429906542,270.0
82.2335025381,370.0
82.2222222222,326.592592593
82.1917808219,736.0
82.1782178218,606.0
82.1428571429,274.050473186
82.119205298,375.0
82.0895522388,217.8
82.0754716981,452.0
82.0689655172,224.0
82.0512820513,255.20754717
82.03125,634.0
82.0224719101,395.0
82.0143884892,237.0
82.0,462.705882353
81.9672131148,239.0
81.9444444444,221.0
81.914893617,224.0
81.8965517241,629.0
81.884057971,296.0
81.8791946309,237.0
81.8181818182,210.238594595
81.7391304348,322.0
81.7307692308,824.75
81.7204301075,395.0
81.7073170732,102.0
81.6901408451,388.125
81.679389313,489.875
81.6666666667,298.833333333
81.6326530612,399.139534884
81.6037735849,182.0
81.5789473684,253.741935484
81.5384615385,342.6
81.5165876777,430.0
81.4814814815,272.618012422
81.4432989691,416.0
81.4285714286,407.666666667
81.3953488372,288.361702128
81.3852813853,371.0
81.3793103448,318.0
81.3664596273,264.0
81.3559322034,345.384615385
81.3333333333,174.25
81.3186813187,151.0
81.2834224599,477.0
81.25,242.958733974
81.2182741117,107.0
81.1594202899,332.0
81.1349693252,309.0
81.1320754717,345.428571429
81.1111111111,411.0
81.1046511628,427.0
81.0810810811,360.247058824
81.0344827586,278.25
80.971659919,375.0
80.9523809524,271.308182784
80.9210526316,298.0
80.9090909091,252.764705882
80.8988764045,169.75
80.8823529412,488.25
80.8641975309,82.5714285714
80.8510638298,418.037037037
80.8421052632,966.0
80.8219178082,331.888888889
80.8080808081,107.0
80.7692307692,253.211180124
80.7407407407,378.0
80.701754386,325.238095238
80.6818181818,142.0
80.6451612903,293.664383562
80.5970149254,331.428571429
80.5825242718,468.0
80.5555555556,217.336842105
80.5194805195,245.2
80.487804878,361.421052632
80.4733727811,214.0
80.4597701149,294.0
80.4511278195,548.0
80.4347826087,344.166666667
80.3921568627,407.36
80.3738317757,278.0
80.3571428571,219.714285714
80.3278688525,411.125
80.303030303,343.6
80.2904564315,998.0
80.2816901408,862.0
80.2631578947,530.666666667
80.2325581395,381.666666667
80.2083333333,550.0
80.1587301587,521.0
80.078125,531.0
80.0,176.919752107
79.8611111111,16.0
79.8449612403,433.0
79.8245614035,440.0
79.8165137615,272.0
79.797979798,741.0
79.7872340426,194.0
79.7752808989,366.0
79.7619047619,375.0
79.746835443,280.0
79.7297297297,515.6
79.7101449275,93.5
79.6992481203,281.0
79.6875,309.3
79.6610169492,346.8
79.6551724138,365.0
79.6296296296,174.5
79.6178343949,155.0
79.5918367347,571.633333333
79.5847750865,365.0
79.5698924731,647.0
79.5620437956,1041.0
79.5454545455,375.431818182
79.5180722892,377.0
79.4871794872,318.257575758
79.4520547945,159.0
79.4117647059,282.084507042
79.3650793651,397.5
79.347826087,399.25
79.3103448276,277.403409091
79.2682926829,185.5
79.2553191489,351.0
79.2452830189,405.333333333
79.2207792208,370.0
79.1666666667,256.304918033
79.1044776119,239.0
79.0697674419,496.394736842
79.0322580645,273.0
79.0,707.0
78.9915966387,390.0
78.9473684211,280.062062062
78.8888888889,117.0
78.8819875776,559.0
78.8732394366,265.0
78.8461538462,242.0
78.8321167883,415.0
78.8315629742,739.0
78.8235294118,377.5
78.813559322,424.0
78.7878787879,350.35
78.75,836.0
78.7356321839,1062.0
78.7234042553,312.5
78.6885245902,575.0
78.6666666667,246.333333333
78.6516853933,241.0
78.6206896552,63.0
78.5714285714,227.987515225
78.5234899329,408.0
78.5123966942,682.0
78.5046728972,725.5
78.4946236559,249.666666667
78.4810126582,202.2
78.4722222222,311.0
78.4615384615,224.142857143
78.431372549,246.769230769
78.4140969163,288.0
78.3898305085,453.0
78.3783783784,251.042553191
78.3505154639,580.0
78.3333333333,351.142857143
78.313253012,13.0
78.2608695652,228.094142259
78.2178217822,126.0
78.1818181818,185.2
78.125,217.67961165
78.0821917808,350.0
78.0487804878,277.390243902
78.0303030303,356.0
78.021978022,471.0
78.0104712042,509.0
78.0,327.214285714
77.9761904762,101.0
77.9661016949,297.5
77.9411764706,146.0
77.9310344828,218.0
77.9220779221,121.0
77.9069767442,250.0
77.8846153846,411.0
77.868852459,203.0
77.7777777778,201.019541737
77.7027027027,95.0
77.688172043,294.0
77.6859504132,434.5
77.6785714286,109.0
77.6595744681,285.0
77.6470588235,173.647058824
77.6315789474,188.75
77.6119402985,247.142857143
77.5862068966,191.0
77.5510204082,460.181818182
77.5119617225,208.0
77.5,301.603773585
77.4891774892,33.0
77.4774774775,69.0
77.4647887324,660.5
77.4509803922,688.0
77.4193548387,249.576271186
77.4058577406,136.0
77.3913043478,516.0
77.3770491803,300.0
77.3722627737,402.0
77.358490566,219.0
77.34375,192.0
77.3333333333,327.4
77.2727272727,263.034416826
77.2151898734,483.2
77.1929824561,456.5
77.1428571429,283.420289855
77.1084337349,307.2
77.1014492754,275.0
77.0833333333,439.538461538
77.0642201835,283.0
77.0491803279,335.285714286
77.027027027,1011.5
76.9911504425,293.0
76.9230769231,222.616229117
76.8518518519,215.0
76.7857142857,229.705882353
76.7676767677,377.0
76.7441860465,205.473684211
76.7295597484,111.0
76.7123287671,271.0
76.6990291262,118.0
76.6798418972,172.0
76.6666666667,280.577981651
76.6355140187,83.0
76.6129032258,485.0
76.5957446809,327.976190476
76.5432098765,221.0
76.4976958525,672.0
76.4705882353,239.445454545
76.3888888889,68.0
76.3636363636,314.0
76.3440860215,269.5
76.3157894737,378.245614035
76.2886597938,349.0
76.2711864407,353.857142857
76.2589928058,501.0
76.25,2396.0
76.2264150943,330.0
76.1904761905,220.442622951
76.1467889908,479.0
76.1363636364,309.0
76.1194029851,306.0
76.1061946903,155.0
76.0869565217,197.318181818
76.0563380282,243.0
76.0,295.176470588
75.9878419453,247.0
75.9493670886,285.0
75.9259259259,293.555555556
75.8928571429,52.0
75.8620689655,281.365853659
75.8064516129,317.363636364
75.7961783439,301.0
75.7763975155,564.625
75.7575757576,263.64516129
75.7142857143,227.0
75.7009345794,724.0
75.6756756757,219.850746269
75.641025641,79.0
75.6097560976,201.918918919
75.5813953488,528.0
75.5555555556,362.571428571
75.5102040816,98.0909090909
75.4716981132,389.166666667
75.4545454545,247.0
75.4385964912,557.727272727
75.4098360656,207.333333333
75.3623188406,249.571428571
75.3246753247,465.0
75.2941176471,134.0
75.2688172043,247.0
75.2577319588,189.0
75.2212389381,403.0
75.2136752137,356.0
75.0,164.643203867
74.7826086957,280.0
74.7714808044,498.0
74.7619047619,580.0
74.7572815534,160.0
74.7126436782,302.0
74.6987951807,115.8
74.6478873239,107.777777778
74.6268656716,333.4
74.6031746032,110.333333333
74.5762711864,622.5
74.5614035088,403.0
74.5454545455,253.846153846
74.5098039216,185.466666667
74.4966442953,265.0
74.4680851064,241.761904762
74.4444444444,274.0
74.4186046512,332.75
74.3902439024,321.0
74.358974359,177.689655172
74.2857142857,277.203389831
74.2358078603,470.0
74.1935483871,244.363636364
74.1666666667,22.0
74.1379310345,140.0
74.0909090909,229.0
74.0740740741,238.392670157
74.0,316.222222222
73.9130434783,258.785145889
73.8693467337,320.0
73.8636363636,269.25
73.8461538462,85.0
73.8255033557,1507.0
73.8095238095,255.529411765
73.786407767,184.0
73.7704918033,166.0
73.75,697.333333333
73.7037037037,291.0
73.6842105263,240.381935484
73.5930735931,285.0
73.5849056604,305.884615385
73.5632183908,197.0
73.5294117647,271.6
73.5042735043,240.0
73.4939759036,306.0
73.4693877551,226.5
73.4513274336,172.0
73.4375,187.5
73.4042553191,1805.0
73.3944954128,65.0
73.3333333333,222.192540323
73.2673267327,296.0
73.2394366197,311.25
73.2142857143,388.0
73.1958762887,155.0
73.1707317073,316.0
73.1543624161,350.0
73.1343283582,416.333333333
73.1182795699,396.0
73.0769230769,237.857142857
73.0158730159,336.0
72.972972973,229.853658537
72.9508196721,504.0
72.9166666667,368.761904762
72.8571428571,589.0
72.8395061728,675.0
72.8260869565,507.0
72.7272727273,208.801847575
72.65625,204.0
72.619047619,56.0
72.602739726,500.5
72.5925925926,204.0
72.5563909774,288.0
72.5490196078,158.625
72.5,330.489361702
72.4637681159,670.5
72.4409448819,367.0
72.4137931034,262.341176471
72.3684210526,440.4
72.3404255319,355.756097561
72.3214285714,753.0
72.3076923077,157.75
72.2891566265,191.0
72.2222222222,234.806623932
72.131147541,185.0
72.1153846154,274.0
72.0930232558,231.095238095
72.0670391061,160.0
72.0430107527,409.0
72.0,259.063670412
71.9626168224,402.0
71.9298245614,539.0
71.9101123596,652.0
71.875,221.382978723
71.8309859155,84.0
71.8181818182,137.0
71.7948717949,171.842105263
71.7391304348,190.3
71.7299578059,102.0
71.6981132075,488.875
71.6666666667,347.75
71.6494845361,454.0
71.6417910448,613.0
71.6216216216,222.0
71.6129032258,396.0
71.6049382716,195.0
71.5909090909,435.25
71.5568862275,209.0
71.4285714286,182.682679029
71.2328767123,189.0
71.2121212121,135.0
71.186440678,76.0
71.1538461538,336.2
71.1111111111,537.0
71.0526315789,191.857142857
71.0144927536,205.333333333
70.9677419355,221.652777778
70.9090909091,236.0
70.8860759494,350.0
70.8333333333,247.165919283
70.7692307692,253.0
70.7317073171,286.05
70.6896551724,922.0
70.6666666667,99.5
70.652173913,231.0
70.5882352941,233.161676647
70.5179282869,533.0
70.4918032787,174.0
70.4545454545,443.222222222
70.3703703704,252.284671533
70.3125,354.333333333
70.297029703,595.0
70.288248337,586.0
70.2702702703,253.979591837
70.2127659574,287.25
70.1298701299,738.0
70.0787401575,533.0
70.0,194.870956681
69.8717948718,431.0
69.8630136986,157.0
69.8113207547,456.75
69.7674418605,158.692307692
69.696969697,328.197530864
69.6428571429,180.2
69.6202531646,40.0
69.6078431373,595.0
69.5652173913,225.355742297
69.4915254237,167.2
69.4736842105,84.0
69.4444444444,305.421052632
69.387755102,313.090909091
69.3693693694,397.0
69.3548387097,252.214285714
69.3396226415,473.0
69.2913385827,433.0
69.2307692308,213.353638459
69.1037735849,38.0
69.0909090909,328.0
69.0721649485,29.0
69.0476190476,601.782608696
69.014084507,181.428571429
68.992248062,361.0
68.9655172414,283.238095238
68.9189189189,686.0
68.8888888889,209.0
68.8524590164,337.9
68.8311688312,343.75
68.75,206.407604563
68.6274509804,165.727272727
68.6046511628,214.714285714
68.5714285714,290.26
68.5483870968,617.0
68.5393258427,160.0
68.5185185185,277.285714286
68.4931506849,285.0
68.4615384615,74.0
68.4210526316,232.38366718
68.3673469388,227.0
68.3544303797,221.0
68.3333333333,396.5
68.2926829268,279.047619048
68.253968254,215.0
68.2320441989,149.0
68.1818181818,231.812820513
68.115942029,229.0
68.085106383,268.222222222
68.0555555556,353.666666667
68.0,281.030042918
67.96875,319.6
67.9324894515,224.0
67.9245283019,305.0
67.8571428571,310.294520548
67.8321678322,329.0
67.7966101695,150.8
67.7419354839,320.955223881
67.6923076923,45.0
67.6470588235,222.177419355
67.6056338028,108.0
67.5925925926,253.0
67.5675675676,200.451612903
67.5,218.0
67.4528301887,20.0
67.4418604651,240.352941176
67.3913043478,392.0
67.3469387755,604.0
67.3076923077,245.818181818
67.2922252011,662.0
67.2727272727,238.222222222
67.2413793103,560.0
67.2131147541,737.0
67.1875,332.0
67.1641791045,30.0
67.1428571429,308.0
67.1328671329,193.0
67.1052631579,58.1666666667
67.032967033,213.0
67.0212765957,194.0
66.9642857143,417.0
66.9421487603,121.0
66.852367688,243.0
66.6666666667,146.759211277
66.5714285714,61.0
66.4,198.0
66.3157894737,731.0
66.3043478261,293.571428571
66.2921348315,535.0
66.2790697674,653.0
66.265060241,130.0
66.25,112.0
66.2337662338,465.0
66.1971830986,135.0
66.1290322581,122.333333333
66.1016949153,549.0
66.0714285714,222.0
66.0550458716,51.0
66.049382716,274.0
66.0377358491,568.0
66.0,184.75
65.9574468085,206.8
65.9090909091,445.266666667
65.8823529412,389.0
65.8536585366,293.826086957
65.7894736842,299.285714286
65.7142857143,249.701754386
65.671641791,312.625
65.625,223.893617021
65.5737704918,61.0
65.5172413793,212.635514019
65.4761904762,228.0
65.4545454545,127.666666667
65.3846153846,269.264705882
65.306122449,146.75
65.2777777778,146.0
65.2631578947,259.0
65.243902439,58.0
65.2173913043,195.404958678
65.1851851852,163.0
65.1515151515,36.0
65.1162790698,252.705882353
65.0943396226,547.0
65.0793650794,382.25
65.0602409639,568.8
65.0,219.801670146
64.9484536082,410.0
64.9350649351,653.0
64.9122807018,194.5
64.8648648649,245.739130435
64.8351648352,579.0
64.8148148148,213.6
64.7887323944,53.0
64.7058823529,212.971014493
64.5833333333,81.6666666667
64.5764576458,209.0
64.5454545455,424.666666667
64.5161290323,263.3875
64.4736842105,121.0
64.4444444444,323.9
64.406779661,173.75
64.3835616438,86.3333333333
64.347826087,94.0
64.2857142857,207.956363636
64.1791044776,217.0
64.1509433962,137.0
64.1025641026,332.44
64.0776699029,451.0
64.0625,722.0
64.0350877193,136.0
64.0,273.094339623
63.9344262295,44.1111111111
63.9175257732,32.0
63.8888888889,200.461538462
63.8554216867,185.0
63.829787234,318.083333333
63.8095238095,95.0
63.7931034483,179.166666667
63.6363636364,174.62074364
63.5294117647,134.333333333
63.4920634921,305.25
63.4615384615,354.833333333
63.4146341463,137.08
63.3802816901,321.0
63.3333333333,201.447761194
63.2911392405,228.0
63.2653061224,156.5
63.2352941176,259.0
63.1578947368,200.416815742
63.1067961165,183.0
63.0769230769,68.0
63.0434782609,279.4
62.962962963,222.1875
62.9032258065,126.272727273
62.8571428571,236.875
62.7906976744,135.666666667
62.7659574468,185.0
62.7586206897,114.0
62.7450980392,167.818181818
62.7118644068,384.923076923
62.6506024096,149.0
62.6373626374,294.0
62.5,169.051163095
62.3376623377,311.0
62.3188405797,435.0
62.2950819672,489.0
62.2641509434,476.75
62.2222222222,88.0
62.2119815668,293.0
62.1621621622,309.365853659
62.1212121212,754.0
62.1052631579,115.0
62.0689655172,191.317647059
62.0,582.0
61.9718309859,46.0
61.9047619048,254.68956743
61.8181818182,297.555555556
61.7647058824,358.5
61.7021276596,182.0
61.6822429907,93.0
61.6666666667,568.0
61.6580310881,463.0
61.6438356164,401.0
61.6279069767,96.0
61.5894039735,78.0
61.5384615385,190.28515625
61.4457831325,478.0
61.4285714286,930.0
61.4035087719,381.0
61.3636363636,177.833333333
61.2903225806,309.4
61.2612612613,567.0
61.25,354.181818182
61.2244897959,240.3
61.1940298507,61.0
61.1111111111,209.782012195
61.038961039,272.0
61.0169491525,215.0
60.9756097561,266.558823529
60.9375,370.0
60.8695652174,212.971119134
60.824742268,113.0
60.7843137255,518.0
60.7142857143,218.981308411
60.6557377049,653.0
60.6060606061,322.561403509
60.5633802817,307.111111111
60.5263157895,255.625
60.4938271605,173.0
60.4651162791,133.823529412
60.4166666667,506.0
60.3773584906,182.0
60.3603603604,189.0
60.3448275862,448.0
60.3174603175,119.0
60.2941176471,134.833333333
60.0,152.804912
59.793814433,125.0
59.7402597403,87.0
59.6774193548,70.0
59.649122807,548.0
59.6153846154,109.45
59.5744680851,147.428571429
59.5238095238,335.4375
59.4594594595,158.59375
59.4202898551,333.0
59.375,218.825
59.3220338983,151.0
59.3103448276,336.0
59.2592592593,206.247058824
59.1836734694,528.0
59.1549295775,254.75
59.0909090909,220.659824047
59.0834697218,154.0
59.067357513,117.0
59.0163934426,130.555555556
58.9743589744,196.178571429
58.9285714286,357.666666667
58.904109589,607.0
58.8888888889,303.142857143
58.8235294118,202.645687646
58.7947882736,154.0
58.75,329.0
58.7301587302,475.666666667
58.6956521739,228.5
58.6538461538,399.0
58.6206896552,248.415384615
58.5798816568,321.0
58.5585585586,508.0
58.5365853659,165.565217391
58.4905660377,135.25
58.4541062802,194.0
58.4269662921,68.0
58.3333333333,171.54591029
58.2089552239,202.333333333
58.1818181818,445.0
58.1395348837,183.428571429
58.064516129,278.151515152
58.024691358,460.333333333
58.0,374.222222222
57.8947368421,223.671232877
57.8313253012,26.0
57.7777777778,278.3
57.6923076923,170.098591549
57.6271186441,323.0
57.6086956522,304.0
57.5757575758,315.5
57.5539568345,431.0
57.5342465753,201.0
57.5,285.666666667
57.4712643678,29.0
57.4468085106,331.833333333
57.4074074074,242.5
57.3170731707,572.0
57.2815533981,381.0
57.1428571429,164.910316155
57.0422535211,196.0
56.9444444444,312.0
56.9343065693,621.0
56.9230769231,42.0
56.8965517241,61.0
56.862745098,803.0
56.8181818182,157.086956522
56.8027210884,568.0
56.7901234568,47.0
56.7567567568,218.5625
56.7164179104,346.0
56.6666666667,240.407407407
56.6265060241,103.0
56.6037735849,104.6
56.5789473684,231.0
56.5217391304,196.600775194
56.4705882353,154.0
56.4516129032,407.333333333
56.4102564103,270.52173913
56.3636363636,248.75
56.338028169,232.0
56.25,200.13735783
56.1403508772,985.0
56.0975609756,143.703703704
56.043956044,41.0
56.0,174.747368421
55.9523809524,1418.0
55.9440559441,488.0
55.9322033898,131.0
55.9160305344,206.0
55.8823529412,233.770833333
55.8441558442,616.0
55.8139534884,235.333333333
55.7692307692,280.833333333
55.6962025316,178.0
55.5555555556,160.44803092
55.4054054054,444.0
55.3846153846,351.0
55.3571428571,175.0
55.3191489362,252.333333333
55.2941176471,570.0
55.2631578947,228.466666667
55.1724137931,175.459183673
55.1440329218,267.0
55.1020408163,743.0
55.0724637681,376.0
55.0,202.910480349
54.9019607843,358.222222222
54.8387096774,284.843137255
54.8076923077,308.0
54.7945205479,147.0
54.7619047619,283.7
54.748603352,373.0
54.7368421053,252.0
54.7169811321,323.428571429
54.6875,299.5
54.6666666667,147.0
54.6012269939,317.0
54.5454545455,176.073296273
54.4444444444,54.0
54.4,171.0
54.3859649123,207.0
54.347826087,227.0
54.2857142857,194.622641509
54.2372881356,103.714285714
54.2168674699,234.333333333
54.1666666667,173.141361257
54.0983606557,36.0
54.0540540541,283.806451613
54.0,199.75
53.9393939394,317.0
53.9007092199,219.0
53.8461538462,163.851097804
53.7634408602,210.0
53.7037037037,334.333333333
53.6585365854,102.772727273
53.6231884058,87.3333333333
53.5714285714,183.079365079
53.5211267606,75.0
53.488372093,283.576923077
53.4482758621,231.0
53.3333333333,183.456058589
53.1914893617,327.866666667
53.164556962,499.375
53.1531531532,70.0
53.125,236.196078431
53.0612244898,484.142857143
53.0303030303,167.0
53.0120481928,99.0
52.9411764706,175.002344666
52.8301886792,189.333333333
52.8,77.0
52.7777777778,284.214285714
52.7472527473,78.0
52.7272727273,247.0
52.6315789474,176.231316726
52.5547445255,132.0
52.5423728814,249.416666667
52.5,225.8125
52.4590163934,283.0
52.380952381,194.070460705
52.3012552301,248.0
52.2935779817,271.0
52.2727272727,315.777777778
52.2522522523,251.0
52.2222222222,101.0
52.1739130435,218.835087719
52.1126760563,404.833333333
52.0833333333,144.0
52.0,183.705660377
51.9230769231,195.0
51.8518518519,183.965753425
51.7857142857,113.0
51.724137931,181.306451613
51.6853932584,110.0
51.6129032258,264.48
51.5625,262.0
51.5151515152,270.773584906
51.4285714286,287.863636364
51.3513513514,112.590909091
51.3157894737,778.75
51.3043478261,279.714285714
51.2820512821,290.580645161
51.2195121951,263.8
51.1627906977,194.125
51.1111111111,84.6428571429
51.0638297872,32.0
51.0204081633,204.5
50.9803921569,204.777777778
50.9433962264,227.458333333
50.9090909091,280.0
50.8771929825,597.75
50.8474576271,265.333333333
50.8196721311,141.0
50.7936507937,223.333333333
50.7692307692,233.0
50.6666666667,152.0
50.6493506494,605.0
50.6329113924,83.0
50.0,125.983415818
49.7076023392,9.0
49.6124031008,250.0
49.3670886076,576.0
49.2957746479,584.0
49.2063492063,219.857142857
49.1525423729,228.0
49.1228070175,160.0
49.0909090909,50.25
49.0566037736,159.0
49.0196078431,548.25
48.9795918367,251.7
48.9361702128,121.4
48.8888888889,497.111111111
48.8636363636,214.0
48.8372093023,451.818181818
48.7804878049,373.844444444
48.7179487179,265.380952381
48.6842105263,39.0
48.6486486486,263.208333333
48.5714285714,274.902439024
48.5294117647,532.875
48.4848484848,173.785714286
48.4375,238.428571429
48.3870967742,219.472727273
48.3333333333,95.0
48.275862069,216.340740741
48.2269503546,291.0
48.2142857143,120.8
48.1927710843,604.0
48.1481481481,145.669172932
48.0769230769,100.071428571
48.0,225.912820513
47.9452054795,85.0
47.9166666667,255.0
47.8991596639,318.0
47.8873239437,318.0
47.8723404255,216.0
47.8260869565,202.828025478
47.7777777778,214.0
47.7477477477,369.0
47.7272727273,134.882352941
47.619047619,180.571808511
47.5,232.6
47.4576271186,272.0
47.4074074074,165.0
47.3684210526,174.603864734
47.2972972973,123.0
47.2727272727,211.6
47.2222222222,195.711538462
47.1698113208,729.666666667
47.0588235294,165.058016878
47.0,105.0
46.9696969697,75.0
46.9387755102,209.384615385
46.9135802469,139.0
46.875,152.189189189
46.8085106383,354.266666667
46.7213114754,127.0
46.6666666667,162.054735547
46.5909090909,956.0
46.5753424658,330.0
46.5517241379,576.0
46.511627907,174.142857143
46.4646464646,155.0
46.4285714286,212.593220339
46.3768115942,125.0
46.3414634146,227.272727273
46.2962962963,140.833333333
46.2264150943,301.0
46.1538461538,174.774321881
46.0526315789,254.0
46.0,185.5
45.9459459459,221.25
45.9016393443,7.0
45.8333333333,180.236966825
45.7627118644,118.0
45.7142857143,129.4
45.652173913,231.055555556
45.6140350877,225.5
45.5882352941,628.375
45.4545454545,157.614493364
45.3125,82.0
45.2830188679,324.0
45.2380952381,205.933333333
45.1612903226,276.97826087
45.0980392157,121.636363636
45.0,183.799171843
44.9275362319,401.0
44.8979591837,213.857142857
44.8717948718,467.142857143
44.8275862069,151.820512821
44.776119403,143.5
44.7368421053,188.0625
44.6808510638,148.5
44.6428571429,532.0
44.6153846154,196.0
44.4444444444,147.973644416
44.262295082,48.0
44.2307692308,64.6666666667
44.1860465116,178.625
44.1176470588,173.631578947
44.0860215054,224.0
44.0677966102,202.0
44.0,196.018518519
43.956043956,1085.0
43.9024390244,130.9
43.8596491228,98.0
43.75,178.163476874
43.6363636364,186.4
43.5897435897,180.829268293
43.5483870968,191.0
43.5185185185,49.0
43.4782608696,199.934782609
43.3962264151,140.875
43.3333333333,183.221153846
43.2835820896,271.142857143
43.2432432432,247.921052632
43.1818181818,357.913043478
43.137254902,268.25
43.1034482759,19.0
43.0769230769,147.0
42.8571428571,138.926162603
42.6229508197,27.0
42.5925925926,381.0
42.5531914894,266.333333333
42.5196850394,271.0
42.5,200.789473684
42.4657534247,90.0
42.4242424242,115.382352941
42.3913043478,52.0
42.3728813559,199.0
42.3076923077,142.254385965
42.2222222222,195.071428571
42.1875,682.0
42.1768707483,271.0
42.1052631579,172.28100471
42.0289855072,554.0
42.0,288.857142857
41.975308642,295.0
41.935483871,198.105882353
41.8604651163,353.9375
41.8181818182,165.75
41.7910447761,59.0
41.6666666667,148.690219068
41.5094339623,87.5
41.4634146341,122.5
41.4285714286,160.0
41.3793103448,189.045112782
41.3223140496,297.0
41.3043478261,221.75
41.1764705882,154.458777886
41.1290322581,87.0
41.095890411,92.0
41.0714285714,143.833333333
41.0256410256,286.428571429
40.9240924092,95.0
40.9090909091,155.122137405
40.8602150538,10.0
40.8450704225,142.0
40.8163265306,41.0
40.7894736842,922.0
40.7407407407,142.613861386
40.7216494845,644.0
40.6557377049,95.0
40.625,149.416666667
40.5797101449,160.0
40.5405405405,195.037037037
40.4761904762,172.967741935
40.4255319149,247.545454545
40.350877193,44.0
40.3225806452,363.0
40.2985074627,209.5
40.2777777778,1522.0
40.157480315,270.0
40.0,129.728509827
39.8550724638,58.0
39.8009950249,58.0
39.7849462366,164.0
39.7790055249,67.3333333333
39.7435897436,133.666666667
39.7058823529,214.166666667
39.6825396825,139.0
39.6551724138,71.8571428571
39.6226415094,254.0
39.5833333333,128.5
39.5604395604,69.5
39.5348837209,267.0
39.4736842105,146.03125
39.4366197183,213.0
39.4117647059,121.0
39.3939393939,177.558441558
39.3442622951,63.0
39.2857142857,163.365853659
39.2156862745,79.0
39.1812865497,121.0
39.1304347826,144.133333333
39.0804597701,54.0
39.0625,95.0
39.0476190476,508.0
39.0243902439,108.25
38.9830508475,195.0
38.961038961,57.0
38.8888888889,160.858541893
38.8235294118,251.0
38.7755102041,140.375
38.7096774194,183.703703704
38.679245283,508.0
38.6363636364,118.653846154
38.5964912281,279.4
38.4615384615,145.015261628
38.3720930233,1449.0
38.2978723404,384.7
38.2716049383,117.0
38.2352941176,160.339622642
38.1818181818,11.0
38.0952380952,184.792207792
38.0,199.363636364
37.9310344828,206.941176471
37.8787878788,203.0
37.8571428571,265.0
37.8378378378,192.181818182
37.7777777778,246.5
37.7358490566,121.0
37.7049180328,112.0
37.6811594203,313.666666667
37.6623376623,27.0
37.6146788991,29.0
37.5,136.06276987
37.3626373626,176.0
37.3493975904,134.333333333
37.3333333333,65.0
37.3134328358,241.25
37.2881355932,639.0
37.2549019608,374.0
37.2093023256,114.714285714
37.1428571429,233.107142857
37.0967741935,58.0
37.0786516854,237.5
37.037037037,170.642156863
36.9863013699,328.0
36.9565217391,182.538461538
36.9230769231,242.833333333
36.9047619048,21.0
36.8421052632,137.803840878
36.7857142857,274.0
36.7346938776,427.375
36.7088607595,159.2
36.6666666667,161.255172414
36.5853658537,132.533333333
36.5384615385,255.0
36.5079365079,237.0
36.4864864865,178.0
36.3636363636,139.663661145
36.25,55.4
36.2068965517,218.25
36.170212766,202.0
36.1111111111,159.65625
36.0655737705,303.9
36.0,159.80141844
35.9375,186.666666667
35.8974358974,185.789473684
35.8490566038,157.466666667
35.7142857143,150.32923949
35.593220339,227.0
35.5704697987,83.0
35.5555555556,179.238095238
35.5263157895,27.0
35.4838709677,110.117021277
35.4166666667,166.5
35.3846153846,55.0
35.3448275862,215.0
35.2941176471,150.487534626
35.1851851852,130.111111111
35.1648351648,89.0
35.1351351351,185.5
35.0877192982,78.0
35.0649350649,48.25
35.0,152.0
34.9206349206,92.7272727273
34.8837209302,150.1
34.8623853211,214.0
34.8484848485,545.666666667
34.7826086957,190.330357143
34.7517730496,571.0
34.7222222222,211.666666667
34.693877551,313.555555556
34.6666666667,59.0
34.6153846154,144.338842975
34.5454545455,279.5
34.4827586207,251.748148148
34.4444444444,119.0
34.4262295082,499.666666667
34.375,121.731343284
34.2857142857,139.983870968
34.2465753425,132.0
34.2105263158,150.170212766
34.1772151899,151.0
34.1463414634,158.951219512
34.1176470588,48.0
34.0909090909,238.588235294
34.0425531915,88.3
34.0,411.714285714
33.9622641509,104.3
33.9285714286,295.833333333
33.8983050847,287.8
33.8235294118,252.0
33.7704918033,92.0
33.75,100.5
33.734939759,221.5
33.7209302326,123.0
33.6842105263,549.0
33.3333333333,117.273040931
32.9545454545,241.0
32.8671328671,315.0
32.7868852459,100.666666667
32.7586206897,220.0
32.7272727273,130.333333333
32.6923076923,217.571428571
32.6633165829,101.0
32.6530612245,177.875
32.6086956522,106.571428571
32.5581395349,357.238095238
32.5301204819,371.0
32.5,259.333333333
32.4675324675,589.0
32.4324324324,176.171875
32.380952381,260.0
32.3529411765,153.4
32.2580645161,182.336734694
32.2033898305,262.6
32.1428571429,160.289361702
32.0754716981,149.1
32.0,166.124242424
31.914893617,167.35
31.884057971,165.5
31.8181818182,141.25257732
31.746031746,320.333333333
31.7073170732,164.814814815
31.6666666667,83.6
31.6455696203,274.0
31.5789473684,147.869294606
31.5068493151,77.0
31.4814814815,188.5
31.4285714286,164.722222222
31.3725490196,296.115384615
31.3253012048,122.0
31.3131313131,263.0
31.25,134.435152374
31.223628692,284.0
31.1475409836,41.5
31.1111111111,196.0
31.0810810811,248.555555556
31.067961165,13.0
31.0344827586,124.115044248
31.0,242.666666667
30.9523809524,159.678571429
30.9090909091,119.260869565
30.7692307692,135.689110271
30.612244898,111.555555556
30.5882352941,124.0
30.5785123967,82.0
30.5555555556,189.317073171
30.5084745763,371.375
30.4347826087,175.278481013
30.3797468354,80.6666666667
30.3571428571,229.0
30.3191489362,1051.0
30.303030303,134.50877193
30.2631578947,69.0
30.2325581395,141.894736842
30.1886792453,209.111111111
30.1282051282,36.0
30.1204819277,539.0
30.0,130.352293862
29.8507462687,111.0
29.8245614035,259.6
29.7872340426,105.5
29.7619047619,113.0
29.7297297297,150.103448276
29.6875,17.0
29.6296296296,207.889423077
29.5774647887,77.0
29.5454545455,226.826086957
29.5081967213,91.6666666667
29.4871794872,159.0
29.4117647059,141.848417954
29.3333333333,175.0
29.3233082707,210.0
29.3103448276,172.647058824
29.2682926829,190.49122807
29.2307692308,393.0
29.1666666667,138.652542373
29.1139240506,254.666666667
29.0909090909,242.0
29.0322580645,128.891156463
28.9855072464,148.0
28.9719626168,121.0
28.9473684211,129.884057971
28.9156626506,280.0
28.8888888889,140.947368421
28.8461538462,136.071428571
28.7878787879,299.0
28.7671232877,48.4
28.75,199.0
28.7234042553,50.0
28.5714285714,117.460963654
28.4090909091,117.8
28.3783783784,21.0
28.3018867925,281.166666667
28.2608695652,154.720930233
28.2051282051,114.666666667
28.125,159.131386861
28.0898876404,70.0
28.0701754386,141.588235294
28.05907173,279.0
28.0,156.269784173
27.9069767442,122.721311475
27.868852459,284.454545455
27.7777777778,128.92863678
27.7108433735,742.0
27.6836158192,233.0
27.6729559748,532.0
27.6595744681,81.8108108108
27.6315789474,228.5
27.5862068966,166.204081633
27.5362318841,130.5
27.5,123.054054054
27.4509803922,144.222222222
27.4193548387,68.0
27.397260274,109.444444444
27.380952381,164.0
27.374301676,68.0
27.2727272727,132.136344086
27.1929824561,669.0
27.1844660194,38.0
27.1604938272,167.0
27.1428571429,176.0
27.1186440678,81.1428571429
27.0833333333,143.619047619
27.0588235294,33.0
27.027027027,127.525423729
26.9841269841,217.111111111
26.9662921348,43.0
26.9230769231,144.56916996
26.8656716418,227.454545455
26.8292682927,154.6
26.7857142857,280.625
26.6666666667,127.017686424
26.6304347826,50.0
26.6055045872,72.0
26.5625,101.0
26.5306122449,247.0
26.4705882353,186.816901408
26.4150943396,131.461538462
26.4,197.0
26.3888888889,252.2
26.3736263736,56.0
26.3157894737,130.291338583
26.25,167.0
26.2295081967,223.6
26.1904761905,242.37254902
26.1682242991,103.0
26.1538461538,150.5
26.0869565217,131.381443299
26.0273972603,97.6
26.0,204.28
25.974025974,326.0
25.9541984733,115.0
25.9259259259,151.402214022
25.8620689655,143.384615385
25.8426966292,15.0
25.8064516129,147.025316456
25.7575757576,168.75
25.7142857143,167.580645161
25.6756756757,122.0
25.641025641,152.289156627
25.5813953488,114.666666667
25.5319148936,210.413793103
25.4901960784,115.36
25.4716981132,118.0
25.4545454545,93.0
25.4237288136,93.5
25.3968253968,35.6666666667
25.3731343284,267.0
25.3333333333,121.666666667
25.2747252747,149.0
25.2427184466,80.0
25.0,111.063956851
24.8730964467,106.0
24.7933884298,406.0
24.7706422018,349.0
24.7311827957,107.0
24.7058823529,127.0
24.6753246753,118.25
24.6575342466,153.0
24.6376811594,229.0
24.6153846154,199.6
24.5901639344,39.0
24.5614035088,211.0
24.5283018868,202.545454545
24.4897959184,160.148148148
24.4680851064,16.0
24.4444444444,162.555555556
24.3902439024,137.70212766
24.358974359,86.0
24.3243243243,159.218181818
24.2990654206,83.0
24.2857142857,200.0
24.2424242424,140.974576271
24.2105263158,266.1
24.1666666667,126.0
24.1379310345,155.191256831
24.1071428571,210.0
24.0740740741,92.6153846154
24.0506329114,81.0
24.0384615385,116.0
24.0,124.030690537
23.9583333333,122.0
23.9436619718,128.0
23.9130434783,83.0689655172
23.8805970149,89.0
23.8095238095,119.771428571
23.7288135593,151.8
23.6842105263,119.551282051
23.6559139785,97.0
23.6363636364,145.0
23.6111111111,145.6
23.595505618,243.0
23.5849056604,54.0
23.5294117647,132.118483412
23.4375,134.75
23.4042553191,129.172413793
23.3576642336,119.0
23.3333333333,150.808510638
23.2876712329,128.0
23.2558139535,252.761904762
23.2323232323,34.0
23.2142857143,219.125
23.1884057971,142.866666667
23.0769230769,121.310490419
22.9885057471,132.0
22.972972973,102.428571429
22.9508196721,200.666666667
22.9166666667,99.6296296296
22.8915662651,115.0
22.8571428571,137.251968504
22.8070175439,241.272727273
22.7848101266,79.0
22.7272727273,136.991624791
22.6666666667,36.0
22.641509434,105.666666667
22.619047619,157.0
22.5806451613,169.304761905
22.5,175.569620253
22.4489795918,102.0
22.4299065421,92.0
22.4137931034,192.166666667
22.3880597015,112.0
22.3684210526,128.0
22.3529411765,406.0
22.2222222222,112.752442599
22.1052631579,151.0
22.0930232558,248.5
22.0779220779,352.666666667
22.0588235294,114.285714286
22.0338983051,224.5
22.0,158.8
21.978021978,114.0
21.9512195122,118.882352941
21.9178082192,42.0
21.875,128.859060403
21.8390804598,78.0
21.8181818182,168.111111111
21.7391304348,130.98336414
21.6666666667,138.142857143
21.6216216216,135.909090909
21.5909090909,311.0
21.568627451,184.3
21.5384615385,113.5
21.5053763441,394.0
21.4285714286,115.931118314
21.3793103448,147.0
21.3483146067,73.0
21.3333333333,202.347826087
21.3114754098,115.25
21.2765957447,101.477272727
21.2328767123,147.0
21.2121212121,133.873134328
21.1538461538,139.677419355
21.1267605634,189.125
21.0526315789,125.736308316
21.0,280.0
20.987654321,110.0
20.9677419355,140.333333333
20.9523809524,32.0
20.9302325581,158.519230769
20.8955223881,152.5
20.8333333333,141.262443439
20.7547169811,117.222222222
20.7317073171,173.0
20.7207207207,226.0
20.6896551724,121.798479087
20.6611570248,180.0
20.652173913,170.0
20.6349206349,143.75
20.5882352941,136.674418605
20.5607476636,47.0
20.5479452055,84.0
20.5128205128,122.285714286
20.4545454545,163.073170732
20.4301075269,101.0
20.4081632653,95.8421052632
20.3703703704,116.80952381
20.3389830508,96.5384615385
20.3125,117.894736842
20.2898550725,224.0
20.2702702703,208.0
20.2247191011,23.0
20.2127659574,220.0
20.202020202,93.375
20.0,103.910290386
19.7916666667,155.0
19.7802197802,648.0
19.7530864198,73.0
19.7183098592,103.1
19.696969697,137.0
19.6721311475,127.454545455
19.6428571429,122.176470588
19.6078431373,143.258064516
19.5652173913,174.243243243
19.512195122,128.627118644
19.4444444444,124.619469027
19.4244604317,41.0
19.4029850746,261.714285714
19.3861066236,72.0
19.3548387097,113.600985222
19.298245614,187.0
19.2307692308,139.089912281
19.1780821918,157.0
19.1666666667,141.0
19.1489361702,109.518518519
19.1176470588,233.333333333
19.1011235955,216.0
19.0476190476,127.322620519
18.9873417722,81.4
18.9655172414,273.882352941
18.9473684211,38.0
18.9189189189,128.954545455
18.8888888889,243.333333333
18.8679245283,79.8846153846
18.8405797101,23.0
18.7969924812,186.0
18.7772925764,90.0
18.75,119.191451991
18.6666666667,88.8
18.6440677966,297.692307692
18.6046511628,112.774193548
18.5714285714,50.1818181818
18.5185185185,118.845360825
18.4782608696,313.363636364
18.4615384615,40.0
18.4466019417,31.0
18.4210526316,104.722222222
18.3673469388,132.485714286
18.3333333333,108.794871795
18.3098591549,120.7
18.2926829268,79.6666666667
18.2795698925,358.0
18.2692307692,225.0
18.1818181818,111.497516392
18.1598062954,364.0
18.0952380952,455.0
18.0327868852,140.75
18.0,153.358974359
17.9775280899,226.5
17.9487179487,160.802816901
17.9347826087,242.0
17.9104477612,241.8
17.8947368421,286.0
17.8861788618,138.0
17.8571428571,112.658362989
17.8082191781,89.1666666667
17.7777777778,131.03125
17.7570093458,191.0
17.7419354839,110.6
17.7215189873,190.416666667
17.6470588235,111.095674967
17.5572519084,433.0
17.5438596491,144.5
17.5,143.931034483
17.4757281553,341.0
17.4603174603,126.076923077
17.3913043478,130.372439479
17.3333333333,135.0
17.3076923077,70.7352941176
17.2413793103,130.257261411
17.1875,213.583333333
17.1597633136,105.0
17.1428571429,114.081761006
17.1052631579,115.0
17.0731707317,109.838235294
17.0454545455,252.0
17.037037037,182.0
17.0212765957,94.9696969697
17.0068027211,51.0
16.9811320755,175.571428571
16.9491525424,168.909090909
16.9230769231,101.333333333
16.9014084507,69.6666666667
16.8831168831,149.5
16.8539325843,100.0
16.8316831683,236.0
16.6666666667,102.198070296
16.5413533835,125.0
16.4948453608,147.0
16.4705882353,292.0
16.4556962025,60.0
16.4383561644,337.0
16.4179104478,73.1666666667
16.393442623,194.055555556
16.3636363636,81.75
16.339869281,299.0
16.3265306122,96.5172413793
16.2790697674,121.520547945
16.25,30.0
16.2162162162,108.073170732
16.1764705882,102.923076923
16.1290322581,118.936802974
16.091954023,141.0
16.0714285714,140.086956522
16.049382716,30.4
16.0,111.682875264
15.9420289855,116.24
15.9090909091,106.909090909
15.8823529412,53.0
15.873015873,90.875
15.7894736842,114.710788758
15.7303370787,674.0
15.7142857143,171.333333333
15.6862745098,132.638888889
15.6626506024,169.0
15.625,127.62254902
15.5963302752,115.75
15.5844155844,296.0
15.5737704918,30.0
15.5555555556,147.361702128
15.5172413793,62.6842105263
15.4929577465,105.785714286
15.4761904762,156.0
15.4639175258,83.6666666667
15.4545454545,100.0
15.3846153846,104.867789211
15.3409090909,105.0
15.306122449,17.0
15.2941176471,163.5
15.2866242038,172.0
15.2777777778,119.111111111
15.2542372881,103.391304348
15.2173913043,143.269230769
15.1898734177,193.0
15.1515151515,118.347368421
15.0943396226,89.25
15.0684931507,147.615384615
15.0,104.65774156
14.953271028,161.0
14.9253731343,183.25
14.9122807018,157.0
14.8936170213,156.693877551
14.8648648649,307.0
14.8148148148,118.591715976
14.7727272727,64.0
14.7540983607,116.636363636
14.7058823529,88.5487179487
14.6853146853,342.0
14.6666666667,91.0
14.6341463415,95.8189655172
14.6153846154,390.0
14.606741573,91.0
14.5833333333,138.465517241
14.5454545455,107.789473684
14.5161290323,211.214285714
14.4927536232,73.0
14.4578313253,16.0
14.4444444444,91.0
14.4329896907,232.0
14.4230769231,160.0
14.406779661,18.0
14.4,302.0
14.2857142857,98.9923900599
14.1176470588,146.0
14.1025641026,56.0
14.0845070423,128.111111111
14.0625,195.923076923
14.0495867769,157.0
14.0350877193,98.5833333333
14.0243902439,211.0
14.0186915888,60.0
14.0,126.172413793
13.9784946237,198.0
13.9534883721,95.9078947368
13.9240506329,73.5
13.8888888889,108.069444444
13.8613861386,44.0
13.8461538462,105.0
13.829787234,120.0
13.8211382114,107.0
13.7931034483,87.0343642612
13.75,102.0
13.7254901961,143.12244898
13.698630137,182.8
13.6363636364,96.8940568475
13.5593220339,31.6666666667
13.5416666667,121.4
13.5135135135,94.3831775701
13.4615384615,110.094339623
13.4328358209,233.888888889
13.4146341463,64.0
13.4020618557,74.0
13.3333333333,99.9332702319
13.2653061224,100.25
13.2530120482,224.75
13.2352941176,72.8965517241
13.2075471698,109.875
13.1944444444,75.0
13.1868131868,123.0
13.1578947368,82.9669421488
13.1313131313,173.0
13.1147540984,253.636363636
13.0952380952,313.25
13.0769230769,99.25
13.0434782609,108.421052632
12.987012987,63.0
12.962962963,120.105263158
12.9411764706,220.181818182
12.9032258065,134.915343915
12.8712871287,477.0
12.8571428571,184.75
12.8440366972,64.0
12.8205128205,108.391752577
12.7906976744,78.0
12.7659574468,154.173913043
12.7272727273,130.923076923
12.6984126984,532.0
12.6865671642,88.0
12.676056338,153.5
12.6582278481,64.2857142857
12.6436781609,131.8
12.6315789474,179.333333333
12.6126126126,235.0
12.6050420168,38.0
12.5,97.4399884593
12.3711340206,40.6
12.3595505618,69.6666666667
12.3456790123,95.8181818182
12.3287671233,110.2
12.3188405797,6.0
12.3076923077,117.125
12.2807017544,186.5
12.2448979592,84.75
12.1951219512,129.393939394
12.1739130435,62.4
12.1621621622,98.0
12.1212121212,105.361111111
12.0879120879,100.333333333
12.0689655172,63.7142857143
12.037037037,19.0
12.0,100.71019678
11.9565217391,56.5
11.9402985075,89.65
11.9047619048,74.7215189873
11.8811881188,268.0
11.8644067797,134.0
11.8421052632,134.0
11.8055555556,179.0
11.7647058824,97.0006738544
11.6883116883,64.0
11.6666666667,134.214285714
11.6279069767,103.33
11.5942028986,149.25
11.5384615385,103.452173913
11.5044247788,297.0
11.4942528736,110.0
11.4754098361,134.36
11.4583333333,55.0
11.4457831325,14.0
11.4285714286,89.4220779221
11.3924050633,87.125
11.3636363636,108.755813953
11.3402061856,84.0
11.320754717,98.0
11.3043478261,175.0
11.2903225806,77.1764705882
11.2676056338,51.9166666667
11.25,112.3
11.2244897959,77.0
11.1111111111,94.2455907705
11.0236220472,140.0
11.0,138.0
10.989010989,101.6
10.9589041096,140.0
10.9375,105.269230769
10.9090909091,70.1428571429
10.8910891089,134.0
10.8695652174,108.933333333
10.843373494,113.75
10.8108108108,116.979452055
10.7692307692,143.571428571
10.7438016529,159.0
10.7142857143,96.5845410628
10.6666666667,114.714285714
10.6382978723,106.033333333
10.6060606061,60.5
10.5882352941,84.5
10.5769230769,75.0
10.5263157895,92.064957265
10.4761904762,54.6
10.4651162791,43.0
10.447761194,115.68
10.4166666667,90.0877192982
10.4,172.0
10.3896103896,99.0
10.3773584906,75.0
10.3448275862,105.346368715
10.2941176471,77.25
10.2739726027,94.0
10.2564102564,80.6708860759
10.2272727273,44.8
10.2040816327,118.035714286
10.1851851852,75.0
10.1694915254,113.6875
10.15625,28.0
10.1449275362,77.7619047619
10.1265822785,135.0
10.1123595506,83.3333333333
10.101010101,63.0
10.0,98.4708787466
9.90099009901,32.0
9.87654320988,48.8333333333
9.85915492958,161.380952381
9.83606557377,69.7931034483
9.80392156863,110.104166667
9.79020979021,27.0
9.78260869565,181.0
9.75609756098,82.1728395062
9.72222222222,217.24
9.70873786408,206.0
9.70149253731,24.5
9.67741935484,81.1728395062
9.63855421687,117.0
9.61538461538,70.5
9.6,122.0
9.58904109589,146.25
9.57446808511,67.0
9.52380952381,98.767281106
9.48275862069,220.0
9.47368421053,126.6
9.45945945946,75.0
9.43396226415,56.5
9.41176470588,38.0
9.375,76.8282442748
9.33333333333,45.5
9.3023255814,95.5434782609
9.25925925926,63.6666666667
9.23076923077,143.038461538
9.21052631579,69.3636363636
9.19540229885,94.0
9.18367346939,84.0
9.09090909091,91.2580207863
9.0,51.0
8.98876404494,188.666666667
8.97435897436,144.0
8.9552238806,114.6
8.92857142857,102.48
8.88888888889,148.772151899
8.86075949367,84.3125
8.82352941176,95.4502617801
8.79120879121,127.5
8.77192982456,78.1458333333
8.75912408759,68.0
8.75,110.25
8.73786407767,90.0
8.69565217391,104.029891304
8.64197530864,57.0
8.62068965517,92.1891891892
8.60215053763,64.8
8.57142857143,106.219387755
8.54700854701,50.0
8.53658536585,178.666666667
8.51063829787,83.5616438356
8.49056603774,22.0
8.47457627119,124.285714286
8.45070422535,210.333333333
8.42105263158,75.0
8.41121495327,98.0
8.33333333333,87.2691882938
8.28729281768,79.0
8.25688073394,122.888888889
8.24742268041,88.1666666667
8.23529411765,127.333333333
8.21917808219,141.111111111
8.19672131148,124.428571429
8.18181818182,136.0
8.16326530612,70.3285714286
8.14814814815,146.166666667
8.13953488372,136.333333333
8.13008130081,85.5
8.10810810811,82.7469135802
8.06451612903,187.717948718
8.04597701149,506.5
8.0,89.1422845691
7.97872340426,36.0
7.96460176991,113.0
7.95454545455,73.0
7.94701986755,86.0
7.93650793651,120.678571429
7.92079207921,51.5
7.89473684211,106.061643836
7.86516853933,146.5
7.8431372549,125.346938776
7.8125,140.05
7.79220779221,135.6
7.77777777778,191.0
7.76699029126,66.4
7.7519379845,21.0
7.73480662983,200.0
7.69230769231,93.3576859504
7.64331210191,19.0
7.63888888889,77.3333333333
7.61904761905,59.6
7.60869565217,30.0
7.60233918129,60.0
7.59493670886,118.9
7.57575757576,79.6
7.54716981132,154.430107527
7.52688172043,217.5
7.5,109.465277778
7.47663551402,70.0
7.46268656716,70.375
7.44680851064,28.0
7.40740740741,92.1575178998
7.35294117647,164.35
7.33944954128,41.1
7.31707317073,111.383458647
7.29613733906,20.0
7.29166666667,105.0
7.27272727273,57.4444444444
7.24637681159,61.380952381
7.22891566265,593.0
7.21649484536,105.0
7.20720720721,81.875
7.2,20.0
7.14285714286,85.5850569861
7.09219858156,26.0
7.0796460177,78.0
7.05882352941,74.8333333333
7.04225352113,228.375
7.03125,46.0
7.01754385965,94.2307692308
7.0,78.0
6.97674418605,267.892857143
6.95652173913,33.0
6.94444444444,51.9230769231
6.93069306931,26.0
6.92307692308,70.0
6.91823899371,203.0
6.89655172414,85.2228571429
6.875,203.0
6.87022900763,19.0
6.84931506849,164.666666667
6.83760683761,13.0
6.81818181818,102.135135135
6.80272108844,146.0
6.77966101695,99.914893617
6.75675675676,67.6470588235
6.74157303371,161.0
6.73076923077,141.0
6.72514619883,732.0
6.72268907563,165.0
6.71641791045,119.0
6.66666666667,88.7431237721
6.60377358491,63.0
6.57894736842,184.333333333
6.55737704918,84.5757575758
6.54205607477,123.4
6.52173913043,103.164383562
6.50406504065,72.0
6.49350649351,83.2
6.48148148148,81.9333333333
6.45161290323,84.8059701493
6.41025641026,115.133333333
6.4,62.0
6.3829787234,112.886597938
6.36942675159,134.2
6.34920634921,72.9090909091
6.32911392405,81.5
6.31578947368,52.8823529412
6.29921259843,71.0
6.29370629371,74.0
6.25,83.5996523754
6.20689655172,87.0
6.2015503876,46.0
6.18556701031,174.0
6.17283950617,52.4166666667
6.16438356164,87.0
6.15384615385,81.9230769231
6.14035087719,54.0
6.12244897959,97.4805194805
6.09756097561,59.75
6.06060606061,78.5060728745
6.03448275862,44.0
6.02409638554,97.5
6.0,94.9591836735
5.98290598291,104.0
5.97014925373,91.6428571429
5.95238095238,39.9333333333
5.94059405941,41.5
5.93220338983,90.0
5.88235294118,86.9359430605
5.85585585586,143.0
5.83333333333,176.0
5.82959641256,256.0
5.82524271845,117.0
5.81395348837,54.7142857143
5.80357142857,256.0
5.79710144928,47.7368421053
5.78512396694,85.0
5.76923076923,96.2716049383
5.74712643678,50.0
5.71428571429,89.8738317757
5.69105691057,25.0
5.68181818182,81.7142857143
5.66037735849,74.0638297872
5.65217391304,274.0
5.64516129032,35.0
5.6338028169,109.136363636
5.61797752809,111.5
5.6,116.2
5.55555555556,80.4881141046
5.52147239264,131.0
5.51724137931,100.0
5.49450549451,64.0
5.47945205479,78.9
5.45454545455,76.6086956522
5.4347826087,129.0
5.42986425339,256.0
5.40540540541,124.585798817
5.38461538462,31.0
5.37634408602,175.5
5.35714285714,71.4186046512
5.33333333333,148.433333333
5.31914893617,104.666666667
5.26315789474,78.5880217786
5.22875816993,77.0
5.20833333333,10.0
5.19480519481,75.0
5.1724137931,91.2285714286
5.15463917526,151.25
5.12820512821,95.7672955975
5.10204081633,62.0
5.08474576271,101.891891892
5.06329113924,162.1
5.05050505051,93.0
5.04201680672,22.0
5.03144654088,65.0
5.0,80.1888246628
4.97237569061,79.0
4.96453900709,31.0
4.9504950495,71.0
4.94505494505,136.666666667
4.93827160494,61.0
4.91803278689,73.5
4.90196078431,113.916666667
4.87804878049,85.0747663551
4.85436893204,73.0
4.83870967742,53.9166666667
4.81927710843,62.8125
4.80769230769,66.5
4.79452054795,47.0
4.7619047619,83.8438967136
4.72972972973,72.0
4.71698113208,16.0
4.70588235294,157.075
4.6875,115.666666667
4.67289719626,178.777777778
4.66666666667,47.0
4.6511627907,66.375
4.62962962963,55.8888888889
4.61538461538,57.0526315789
4.59770114943,181.6
4.54545454545,82.6080870918
4.51127819549,56.3
4.5045045045,125.0
4.49438202247,16.8
4.4776119403,124.111111111
4.44444444444,125.739130435
4.41176470588,79.3333333333
4.3956043956,28.7222222222
4.38596491228,28.0
4.375,58.0
4.34782608696,76.2528548124
4.31654676259,85.0
4.31034482759,49.0
4.30107526882,47.625
4.28571428571,225.729166667
4.25531914894,107.427272727
4.23728813559,19.0
4.22535211268,46.1304347826
4.21686746988,58.8888888889
4.21052631579,37.5
4.20168067227,118.0
4.16666666667,79.6753022453
4.13793103448,135.0
4.13223140496,118.0
4.12371134021,49.0
4.1095890411,62.1333333333
4.09836065574,11.0
4.08163265306,67.7710843373
4.06504065041,15.0
4.05405405405,63.0
4.0404040404,75.5
4.03225806452,39.25
4.0,73.7370441459
3.9603960396,48.2857142857
3.94736842105,37.8823529412
3.93700787402,54.6666666667
3.92156862745,139.893333333
3.90625,73.0
3.8961038961,97.7692307692
3.88349514563,48.6
3.84615384615,103.457227139
3.80952380952,46.0
3.79746835443,83.8333333333
3.77358490566,89.2388059701
3.7558685446,167.0
3.75,125.285714286
3.73831775701,110.5
3.7037037037,80.5804020101
3.68098159509,161.0
3.67647058824,15.0
3.66972477064,41.6666666667
3.65853658537,55.3333333333
3.6496350365,18.0
3.63636363636,96.1666666667
3.61445783133,90.0
3.6036036036,57.8
3.57142857143,78.8513513514
3.54609929078,89.0
3.53982300885,93.0
3.52941176471,26.0
3.50877192982,63.2
3.48837209302,45.2
3.46820809249,86.0
3.44827586207,79.3298153034
3.4188034188,51.0
3.40909090909,99.5
3.38983050847,129.534883721
3.37078651685,25.6666666667
3.36134453782,111.083333333
3.33333333333,75.6837944664
3.30578512397,37.6666666667
3.30188679245,69.0
3.2967032967,88.4545454545
3.28947368421,84.0
3.27868852459,60.5
3.26086956522,129.0
3.24324324324,221.0
3.22580645161,76.7034220532
3.2,114.0
3.1914893617,101.888888889
3.1746031746,66.4074074074
3.15789473684,250.0
3.14960629921,10.0
3.125,83.4115226337
3.09278350515,43.0909090909
3.07692307692,72.4230769231
3.0612244898,49.5555555556
3.0303030303,70.2912621359
3.0,147.0
2.98507462687,90.5161290323
2.9702970297,101.416666667
2.94117647059,97.2330097087
2.91262135922,45.0
2.89855072464,115.933333333
2.88461538462,46.1666666667
2.85714285714,64.9246231156
2.84090909091,33.0
2.83018867925,108.166666667
2.81690140845,71.8181818182
2.80373831776,66.0
2.7972027972,108.666666667
2.77777777778,69.3509933775
2.75229357798,164.333333333
2.7397260274,85.4285714286
2.7027027027,81.8444444444
2.67857142857,76.5
2.66666666667,60.9090909091
2.63157894737,84.0310077519
2.60869565217,62.0
2.5974025974,75.4117647059
2.58620689655,70.1818181818
2.5641025641,89.162962963
2.53164556962,96.8333333333
2.52100840336,56.0
2.5,72.1120689655
2.46913580247,99.0
2.45398773006,109.0
2.43902439024,69.2551020408
2.40963855422,84.25
2.38095238095,80.1028037383
2.35294117647,32.0
2.32558139535,75.9122807018
2.30769230769,155.0
2.29885057471,81.0
2.27272727273,98.2604166667
2.25563909774,126.0
2.24719101124,113.588235294
2.23880597015,48.0
2.22222222222,81.3052631579
2.1978021978,71.1111111111
2.1897810219,134.0
2.17391304348,59.8266666667
2.15827338129,134.0
2.15053763441,27.0
2.12765957447,74.3157894737
2.11267605634,45.0
2.10526315789,128.277777778
2.10084033613,84.0
2.08333333333,54.8888888889
2.06896551724,46.0
2.0618556701,110.0
2.05479452055,75.0
2.04081632653,78.2131147541
2.02702702703,65.25
2.0202020202,77.5
2.0,79.5454545455
1.9801980198,109.0
1.96078431373,80.0
1.94174757282,45.1666666667
1.92307692308,74.6666666667
1.90476190476,50.652173913
1.88679245283,50.3333333333
1.8691588785,96.3636363636
1.85185185185,60.8775510204
1.83486238532,93.0
1.82926829268,57.0
1.81818181818,95.4615384615
1.8018018018,154.0
1.78571428571,61.4285714286
1.76991150442,77.0
1.75438596491,57.6666666667
1.72413793103,83.3125
1.71821305842,79.0
1.7094017094,33.0
1.70454545455,20.0
1.69491525424,64.6666666667
1.66666666667,52.9411764706
1.65745856354,148.0
1.65289256198,136.0
1.64835164835,148.0
1.6393442623,51.2105263158
1.61290322581,78.0526315789
1.5873015873,71.0588235294
1.57480314961,71.0
1.5625,78.25
1.5503875969,71.0
1.53846153846,66.9565217391
1.52671755725,34.0
1.51515151515,38.0555555556
1.5037593985,34.0
1.49253731343,53.8260869565
1.47058823529,58.0869565217
1.44927536232,62.1739130435
1.42857142857,83.9
1.40845070423,64.875
1.38888888889,111.9375
1.3698630137,45.5294117647
1.35135135135,76.8333333333
1.33333333333,30.5
1.31578947368,43.0
1.30718954248,101.0
1.2987012987,102.5
1.29032258065,33.0
1.28205128205,87.9130434783
1.26582278481,83.4285714286
1.23456790123,84.3636363636
1.21951219512,37.0
1.20481927711,57.6
1.19047619048,44.3333333333
1.17647058824,21.5
1.16279069767,122.083333333
1.14942528736,55.9411764706
1.13636363636,57.6875
1.12359550562,27.25
1.11111111111,76.25
1.10497237569,200.0
1.0989010989,100.333333333
1.08695652174,52.6
1.0752688172,78.0
1.06382978723,90.0
1.05263157895,102.0
1.04166666667,38.2857142857
1.03092783505,9.0
1.02040816327,33.1
1.0101010101,133.0
1.0,60.5
0.970873786408,17.0
0.961538461538,40.0
0.900900900901,78.0
0.892857142857,32.0
0.854700854701,71.0
0.840336134454,76.0
0.826446280992,142.0
0.813008130081,6.0
0.793650793651,50.0
0.769230769231,83.0
0.757575757576,15.0
0.751879699248,132.0
0.704225352113,61.0
0.645161290323,7.0
0.59880239521,112.0
0.0,92.1769180479
